sid,model,dMC,m2,m2_real,dMC_pred
299,Uniform,-3.75884,0.0276404,0.0726204,-4.044009659002516
501,Uniform,-3.8838359999999996,0.028901699999999995,0.0731611,-3.8882557701325764
542,Uniform,-3.6141939999999986,0.028046300000000003,0.0631754,-3.3996711184947843
573,Uniform,-3.320202,0.027043,0.05451090000000001,-2.9346119853958226
605,Uniform,-3.815492,0.028875699999999997,0.0679992,-3.5857071173185666
619,Uniform,-2.055346,0.0372872,0.05781879999999999,-1.8364604784722411
748,Uniform,-2.1200220000000005,0.0330671,0.0543296,-2.078717766079782
758,Uniform,-2.6721280000000007,0.032866,0.0585051,-2.4142432103639915
781,Uniform,-2.4795919999999985,0.0319613,0.0619428,-2.770137871822101
901,Uniform,-1.1079560000000015,0.0328342,0.0486807,-1.6486886574508943
917,Uniform,-0.8650539999999989,0.031228299999999997,0.0453182,-1.558980580443674
962,Uniform,-1.2317280000000004,0.0384118,0.0527469,-1.3277036336164707
970,Uniform,-2.93192,0.0310769,0.05588220000000001,-2.4565513615418753
1021,Uniform,-0.14576599999999829,0.030681400000000005,0.0394137,-1.0485343218787408
1079,Uniform,-1.4733539999999987,0.0309108,0.0492052,-1.9462711592375759
1083,Uniform,-0.7550439999999998,0.0325918,0.0433552,-1.194680649215002
1113,Uniform,-1.4674980000000009,0.030797399999999996,0.0488181,-1.9285924772665817
1147,Uniform,-2.3821780000000006,0.0349219,0.0567111,-2.029842424200294
1236,Uniform,-1.403314,0.0368372,0.055344199999999996,-1.7041665941560957
1257,Uniform,-2.1751499999999995,0.030512,0.052799,-2.295752915336042
1284,Uniform,-1.191656,0.0352213,0.0506273,-1.5190245859945648
1353,Uniform,-2.1637939999999993,0.0341539,0.0598317,-2.3471907574065307
1418,Uniform,-2.695576000000001,0.033034,0.0690627,-3.0874395290446697
1420,Uniform,0.2441040000000001,0.0310035,0.0363191,-0.6624850249989918
1454,Uniform,-1.2028859999999995,0.0360246,0.051008,-1.4559781961914435
1796,Uniform,-0.9691260000000002,0.0280785,0.0382057,-1.2893565101149058
1850,Uniform,-2.3008559999999996,0.0298626,0.0509746,-2.2386006983423665
1889,Uniform,-1.4595100000000008,0.0246628,0.0357445,-1.5536067761235768
1946,Uniform,-0.059354000000000795,0.0324107,0.0430832,-1.1916604668214277
1967,Uniform,0.1799199999999983,0.0272775,0.0325244,-0.73652186109671
2028,Uniform,-2.2962040000000004,0.0285254,0.048157,-2.1923441240034087
2129,Uniform,-2.194087999999999,0.0298377,0.0488676,-2.065369311705363
2351,Uniform,-2.2317240000000007,0.030203799999999996,0.0491084,-2.034893571583717
2405,Uniform,-2.2860199999999997,0.0300245,0.0555573,-2.5763689440817177
2471,Uniform,-2.10022,0.0249093,0.046743,-2.6350721893731754
2473,Uniform,-1.4500539999999997,0.0276186,0.04353,-1.9046877299594906
2550,Uniform,-2.0278199999999993,0.0294894,0.048297,-2.065355348148717
2595,Uniform,-0.7756500000000006,0.035034,0.0436936,-0.9247221433659103
2692,Uniform,-1.1532339999999994,0.029924600000000003,0.0437276,-1.5879285208347338
2702,Uniform,0.050410000000001176,0.0321042,0.0375882,-0.6602227995830318
2772,Uniform,-1.9108560000000008,0.0362927,0.0532068,-1.6016224832625416
2773,Uniform,-2.0730760000000004,0.032932,0.0568442,-2.285274810744092
2776,Uniform,-2.689228,0.0335569,0.06206160000000001,-2.5742075831483047
2788,Uniform,-1.1805579999999996,0.0324529,0.0493438,-1.7542313461932555
2794,Uniform,-0.5090180000000011,0.0326428,0.0441189,-1.2612375165971232
2804,Uniform,-1.146647999999999,0.0331535,0.0453984,-1.3159323700744359
2823,Uniform,-1.2622499999999999,0.0350309,0.05726669999999999,-2.057611200272809
2830,Uniform,-0.3556499999999989,0.040124,0.0492658,-0.8592992864042612
2841,Uniform,-1.9773800000000001,0.0358689,0.059131100000000006,-2.0927676999664904
2846,Uniform,-0.8015099999999986,0.0342602,0.0446571,-1.1095402864137232
2850,Uniform,-0.9410759999999989,0.0418645,0.0598019,-1.4928978837311455
2861,Uniform,-1.3616780000000013,0.0321445,0.044446,-1.3565623731806247
2916,Uniform,-1.3618240000000004,0.0339255,0.05169820000000001,-1.763582715350587
3023,Uniform,-1.5859000000000005,0.0334155,0.0526906,-1.9065980679965233
3026,Uniform,-0.6633659999999999,0.0411239,0.0586294,-1.4847241689649788
3031,Uniform,-1.8056620000000017,0.0397312,0.0775439,-2.7995348441284196
3035,Uniform,-3.4356100000000005,0.0373197,0.0794637,-3.1640586099340227
3046,Uniform,-2.809296,0.0433815,0.0953191,-3.295590280762858
3054,Uniform,-3.004975999999999,0.0391125,0.0730503,-2.6153239112321938
3167,Uniform,-1.1310919999999989,0.0384655,0.056008999999999996,-1.5730751146744473
3169,Uniform,-0.8823499999999989,0.0346427,0.0417288,-0.7791240616181494
3174,Uniform,-1.9333600000000004,0.0466805,0.0741051,-1.934817625360871
3190,Uniform,-1.0884680000000007,0.0341973,0.0440119,-1.0563065113766779
3219,Uniform,-2.781312,0.0376186,0.0686924,-2.5208509090735243
3225,Uniform,-1.806228,0.0295187,0.0476506,-2.0047881511335466
3226,Uniform,-3.2594760000000003,0.0306081,0.0550646,-2.4584823193570635
3234,Uniform,-2.824594000000001,0.0335647,0.0615437,-2.5381520418627614
3236,Uniform,-3.016099999999998,0.0346757,0.0661628,-2.7048020343127472
3259,Uniform,-2.9744220000000006,0.0342438,0.067385,-2.8339036408520957
3261,Uniform,-1.6985720000000004,0.0327689,0.05345989999999999,-2.0490840448257615
3289,Uniform,-1.5822079999999996,0.0364252,0.057735999999999996,-1.928379711933534
3290,Uniform,-2.890532000000002,0.0383677,0.0812533,-3.141353198309065
3297,Uniform,-0.25170799999999893,0.0343861,0.0432515,-0.9602942272117425
3308,Uniform,-1.8105140000000013,0.0360496,0.0660029,-2.5319993314185067
3346,Uniform,-2.0758920000000005,0.030087399999999997,0.0473742,-1.900544784747897
3389,Uniform,-2.0903300000000016,0.0358722,0.0631977,-2.370829530585144
3409,Uniform,-2.7978380000000005,0.0341547,0.0666341,-2.7978970885092473
3415,Uniform,-2.046949999999999,0.0378825,0.058412900000000004,-1.8129475522271863
3423,Uniform,-2.89738,0.0370151,0.0719445,-2.7822094734008473
3441,Uniform,-1.8919619999999995,0.0390266,0.0586328,-1.7041127569520027
3450,Uniform,-2.511718,0.0326263,0.0555092,-2.2248248674815914
3456,Uniform,-0.8086580000000012,0.0316924,0.0430872,-1.2858754653881357
3460,Uniform,-3.0076780000000003,0.0356906,0.0796937,-3.36301808667264
3466,Uniform,-1.8140079999999994,0.0383031,0.0603321,-1.9020610058340495
3468,Uniform,-2.4268480000000014,0.0288734,0.0494674,-2.253975581456517
3507,Uniform,-0.9929760000000005,0.0406879,0.0642204,-1.910671347697026
3524,Uniform,-1.031536000000001,0.0322728,0.0456388,-1.450757718411058
3544,Uniform,-2.882486,0.0311557,0.0571306,-2.5384454680347646
3555,Uniform,-1.8011420000000005,0.0338587,0.05393089999999999,-1.9488414249167278
3564,Uniform,-0.49783399999999745,0.0329985,0.0416883,-0.978626459251355
3565,Uniform,-1.6177279999999996,0.0340851,0.051353,-1.7158860641348694
3604,Uniform,-1.6571479999999994,0.036987,0.05332950000000001,-1.5319323875176234
3615,Uniform,-3.5305680000000006,0.0363534,0.0831843,-3.4654518115382964
3690,Uniform,-2.785634,0.0368896,0.0681425,-2.569127271098032
3724,Uniform,-2.278911999999999,0.0291432,0.0462503,-1.933513550420791
3754,Uniform,-0.7182320000000004,0.0306876,0.0428241,-1.3951147150340462
3818,Uniform,-1.836722,0.0316621,0.0489067,-1.820259366656829
3830,Uniform,-2.5464520000000004,0.0431359,0.0842727,-2.8037000540372587
3838,Uniform,-1.4546239999999973,0.0291992,0.045987,-1.901575242228209
3849,Uniform,-2.277672000000001,0.027627000000000002,0.0468303,-2.2093633882008765
299,BrokenStick,-1.8703559999999992,0.0443674,0.0726204,-2.062853245766157
501,BrokenStick,-2.485593999999999,0.039504899999999996,0.0731611,-2.5798769626389397
542,BrokenStick,-1.8610439999999997,0.04207832,0.0631754,-1.701314254548655
573,BrokenStick,-1.7520959999999999,0.03649086,0.05451090000000001,-1.680199801989925
605,BrokenStick,-1.8587860000000003,0.04237182,0.0679992,-1.9802601987090505
619,BrokenStick,-1.2725080000000002,0.0404185,0.05781879999999999,-1.4988726732731745
748,BrokenStick,-1.3214000000000006,0.03920034,0.0543296,-1.366401335626217
758,BrokenStick,-1.29068,0.04551944,0.0585051,-1.0507011580325196
781,BrokenStick,-0.9449860000000001,0.04439972,0.0619428,-1.3940088605507566
901,BrokenStick,-0.24837999999999916,0.03829806,0.0486807,-1.0042686795047935
917,BrokenStick,-0.20025599999999955,0.03712566,0.0453182,-0.8347868783376498
962,BrokenStick,-0.057325999999999766,0.0473449,0.0527469,-0.45233271001951547
970,BrokenStick,-1.616536,0.03876102,0.05588220000000001,-1.5315457730037283
1021,BrokenStick,0.03917999999999999,0.033902940000000006,0.0394137,-0.6305340223049987
1079,BrokenStick,-0.6983919999999983,0.0353138,0.0492052,-1.3887643278491812
1083,BrokenStick,-0.4186899999999998,0.03531708,0.0433552,-0.8584807485272106
1113,BrokenStick,-0.7808679999999999,0.034943180000000004,0.0488181,-1.399868336593995
1147,BrokenStick,-0.9816500000000001,0.04720938,0.0567111,-0.7677068612109419
1236,BrokenStick,-0.34333999999999953,0.04794482,0.055344199999999996,-0.6008491706352932
1257,BrokenStick,-0.8713519999999999,0.03977096,0.052799,-1.186262991435367
1284,BrokenStick,-0.13501800000000053,0.04302346,0.0506273,-0.6813314820348263
1353,BrokenStick,-1.0397359999999978,0.04357434,0.0598317,-1.327397505339026
1418,BrokenStick,-0.8554460000000006,0.04810104,0.0690627,-1.5142982346003202
1420,BrokenStick,0.8304580000000001,0.03462492,0.0363191,-0.19998896918455633
1454,BrokenStick,-0.7544179999999994,0.03860812,0.051008,-1.1660197070124365
1796,BrokenStick,-0.5755719999999993,0.02984008,0.0382057,-1.0346159242521886
1850,BrokenStick,-1.7333920000000003,0.030318519999999998,0.0509746,-2.1751675312860357
1889,BrokenStick,-1.3926600000000011,0.02414798,0.0357445,-1.6419219800385996
1946,BrokenStick,0.0846859999999996,0.03678006,0.0430832,-0.6622070719634899
1967,BrokenStick,0.33884199999999964,0.029525299999999997,0.0325244,-0.405013505902241
2028,BrokenStick,-0.9447080000000003,0.03491229999999999,0.048157,-1.346488421298825
2129,BrokenStick,-0.9413439999999991,0.0377414,0.0488676,-1.0816079902978812
2351,BrokenStick,-1.6683540000000008,0.0327125,0.0491084,-1.7008557946829357
2405,BrokenStick,-0.9813799999999997,0.04172642,0.0555573,-1.1985091593044266
2471,BrokenStick,-0.8572220000000002,0.032342579999999996,0.046743,-1.5417988235926783
2473,BrokenStick,-0.7916819999999998,0.030577979999999998,0.04353,-1.4785423912070936
2550,BrokenStick,-0.9097919999999995,0.03649958,0.048297,-1.1725038511452366
2595,BrokenStick,-0.1564500000000013,0.03918692,0.0436936,-0.4557351642868971
2692,BrokenStick,-1.5202159999999987,0.027050040000000004,0.0437276,-2.010731859645615
2702,BrokenStick,0.12079800000000063,0.03023552,0.0375882,-0.9112841885131363
2772,BrokenStick,-0.7151820000000004,0.04631862,0.0532068,-0.5804235868539962
2773,BrokenStick,-0.9896480000000007,0.0376022,0.0568442,-1.7300724522996809
2776,BrokenStick,-1.8007179999999998,0.038015759999999996,0.06206160000000001,-2.0519086016935013
2788,BrokenStick,-0.9502179999999996,0.033750020000000006,0.0493438,-1.5901578993456085
2794,BrokenStick,-1.1172120000000003,0.0288715,0.0441189,-1.7752098114647552
2804,BrokenStick,-0.9204859999999986,0.036198219999999996,0.0453984,-0.9481007242427217
2823,BrokenStick,-0.5625939999999989,0.04081088000000001,0.05726669999999999,-1.4182585611869316
2830,BrokenStick,0.2077720000000003,0.04616874,0.0492658,-0.2718167847335057
2841,BrokenStick,-0.9405099999999997,0.043437359999999994,0.059131100000000006,-1.2912678599233467
2846,BrokenStick,-0.6489579999999986,0.03290206,0.0446571,-1.278879740278339
2850,BrokenStick,0.676537999999999,0.05635482000000001,0.0598019,-0.24855028761112657
2861,BrokenStick,-0.832968000000001,0.0341998,0.044446,-1.09709048896251
2916,BrokenStick,-0.5541839999999993,0.037736979999999996,0.05169820000000001,-1.3178325273558418
3023,BrokenStick,-0.9079860000000011,0.03809348,0.0526906,-1.358070874983731
3026,BrokenStick,0.004674000000001399,0.045263740000000004,0.0586294,-1.083169724697636
3031,BrokenStick,-0.2987200000000012,0.05632672,0.0775439,-1.3383159833127813
3035,BrokenStick,-1.2389399999999995,0.059646279999999996,0.0794637,-1.2009712803918857
3046,BrokenStick,-0.7510600000000007,0.06873472,0.0953191,-1.3688796315489733
3054,BrokenStick,-1.1451899999999995,0.057696519999999994,0.0730503,-0.9878073291477911
3167,BrokenStick,0.032896000000000925,0.04891002,0.056008999999999996,-0.5673949932855324
3169,BrokenStick,-0.37294799999999917,0.0351248,0.0417288,-0.7212651058272549
3174,BrokenStick,-0.5670599999999997,0.05933902,0.0741051,-0.9303095806930649
3190,BrokenStick,-1.0051360000000003,0.0361262,0.0440119,-0.8265869951166509
3219,BrokenStick,-0.7705120000000001,0.05457212,0.0686924,-0.963375212073303
3225,BrokenStick,-0.7990519999999997,0.03648624,0.0476506,-1.1176245595428191
3226,BrokenStick,-1.8864280000000004,0.03627162,0.0550646,-1.747738552481011
3234,BrokenStick,-1.6134400000000007,0.04458592,0.0615437,-1.349427642284204
3236,BrokenStick,-1.252846,0.0507664,0.0661628,-1.1089318826744412
3259,BrokenStick,-1.6608980000000013,0.048496739999999997,0.067385,-1.3770437369869588
3261,BrokenStick,-0.6864000000000008,0.04034766,0.05345989999999999,-1.1780708168370038
3289,BrokenStick,-0.39513399999999876,0.048332599999999996,0.057735999999999996,-0.7442510541564877
3290,BrokenStick,-0.6355600000000017,0.06422268,0.0812533,-0.9847245309970576
3297,BrokenStick,0.028858000000001383,0.03464828,0.0432515,-0.9284950467907449
3308,BrokenStick,-0.17084800000000122,0.046998019999999995,0.0660029,-1.421702435729144
3346,BrokenStick,-1.2187220000000014,0.0344217,0.0473742,-1.3371244781335394
3389,BrokenStick,-0.8406680000000009,0.04394186,0.0631977,-1.5213713977685341
3409,BrokenStick,-1.1146499999999993,0.05052744,0.0666341,-1.158400457642478
3415,BrokenStick,-0.7906440000000003,0.050222920000000004,0.058412900000000004,-0.6324326958944659
3423,BrokenStick,-0.4618000000000002,0.05785294,0.0719445,-0.912615222648479
3441,BrokenStick,-0.5399840000000005,0.050664520000000005,0.0586328,-0.6115134267378664
3450,BrokenStick,-0.8801780000000008,0.04508488,0.0555092,-0.8707969200187112
3456,BrokenStick,-0.42205200000000076,0.03443772,0.0430872,-0.9380806957032123
3460,BrokenStick,-1.387637999999999,0.05249616,0.0796937,-1.7476510048559615
3466,BrokenStick,-0.6224100000000004,0.047441,0.0603321,-1.006337060127745
3468,BrokenStick,-1.4779480000000014,0.034225320000000004,0.0494674,-1.542084602219699
3507,BrokenStick,-0.2548239999999993,0.0452365,0.0642204,-1.4670145679565285
3524,BrokenStick,-0.18382200000000104,0.039796359999999996,0.0456388,-0.5734765871711796
3544,BrokenStick,-1.272018000000001,0.04110108,0.0571306,-1.378632987961591
3555,BrokenStick,-0.7617560000000001,0.04179976,0.05393089999999999,-1.0667712263947837
3564,BrokenStick,0.06007800000000074,0.03644254,0.0416883,-0.5630143862168016
3565,BrokenStick,-0.4554740000000006,0.04068316,0.051353,-0.9750708829741185
3604,BrokenStick,-0.1844979999999996,0.0480237,0.05332950000000001,-0.4387229122059336
3615,BrokenStick,-1.490608,0.057252239999999996,0.0831843,-1.5640373412328734
3690,BrokenStick,-0.810080000000001,0.053890400000000005,0.0681425,-0.9823538485733565
3724,BrokenStick,-1.4652299999999983,0.03279688,0.0462503,-1.439040159958284
3754,BrokenStick,-0.1682440000000014,0.03658846,0.0428241,-0.6588196124555825
3818,BrokenStick,-0.6485099999999981,0.03947752,0.0489067,-0.8966742973024122
3830,BrokenStick,-0.6985800000000015,0.05909179999999999,0.0842727,-1.486059599579284
3838,BrokenStick,-0.043803999999997956,0.04003527999999999,0.045987,-0.5802373502331463
3849,BrokenStick,-1.0669980000000017,0.03486782,0.0468303,-1.2348715978266984
299,Reshuffle,-0.16089999999999982,0.07262526,0.0726204,0.0002801643123289111
501,Reshuffle,-0.25691999999999915,0.0682526,0.0731611,-0.29074450938691143
542,Reshuffle,0.46372000000000035,0.07225406000000001,0.0631754,0.5621343616042711
573,Reshuffle,-0.177620000000001,0.05603144,0.05451090000000001,0.11517979388369219
605,Reshuffle,-0.21047999999999867,0.07083374,0.0679992,0.17097402428720684
619,Reshuffle,-0.0659200000000002,0.05824738,0.05781879999999999,0.03091775075411156
748,Reshuffle,-0.15660000000000096,0.05567915999999999,0.0543296,0.10272269971475337
758,Reshuffle,0.14947999999999873,0.0664481,0.0585051,0.5329701549987689
781,Reshuffle,0.4634600000000013,0.06539236000000001,0.0619428,0.226882682628339
901,Reshuffle,0.23566999999999894,0.049559980000000003,0.0486807,0.07494232121472054
917,Reshuffle,0.29377999999999993,0.04841574,0.0453182,0.2767947979021615
962,Reshuffle,-0.15803800000000123,0.0531079,0.0527469,0.028554728688250364
970,Reshuffle,-0.019439999999999458,0.057859820000000006,0.05588220000000001,0.1455946396422573
1021,Reshuffle,-0.03563599999999845,0.0392787,0.0394137,-0.014364189044287563
1079,Reshuffle,0.3225700000000007,0.05100008,0.0492052,0.1499929938830968
1083,Reshuffle,0.1531620000000018,0.0431713,0.0433552,-0.01779561308866853
1113,Reshuffle,0.21904399999999846,0.048774080000000004,0.0488181,-0.0037767197276419324
1147,Reshuffle,-0.007899999999999352,0.06037664,0.0567111,0.2622093577331754
1236,Reshuffle,0.057526000000001076,0.05652674,0.055344199999999996,0.08851042730922153
1257,Reshuffle,0.04699199999999948,0.053502720000000004,0.052799,0.05543009912664081
1284,Reshuffle,-0.174944,0.05120524,0.0506273,0.047520450432399775
1353,Reshuffle,0.20401999999999987,0.06174110000000001,0.0598317,0.13151519122500915
1418,Reshuffle,0.16554000000000002,0.06899770000000001,0.0690627,-0.003942066714139715
1420,Reshuffle,-0.0572600000000012,0.03597348,0.0363191,-0.040030236773344226
1454,Reshuffle,-0.48078799999999866,0.0515115,0.051008,0.04112218625097662
1796,Reshuffle,0.020268000000001507,0.042928919999999995,0.0382057,0.48798109602358236
1850,Reshuffle,0.0681440000000002,0.05196036,0.0509746,0.0801865035105258
1889,Reshuffle,0.045543999999999585,0.03768316,0.0357445,0.22111724431197335
1946,Reshuffle,0.16484199999999838,0.04187312,0.0430832,-0.11926897082267097
1967,Reshuffle,-0.11297600000000063,0.03217214,0.0325244,-0.04558965187524274
2028,Reshuffle,-0.010208000000002215,0.048425659999999995,0.048157,0.02329081451804823
2129,Reshuffle,-0.3957539999999984,0.04786318,0.0488676,-0.08694527387160407
2351,Reshuffle,-0.0411520000000003,0.049820039999999996,0.0491084,0.06023187597937789
2405,Reshuffle,-0.19011199999999917,0.05671252,0.0555573,0.08615821826061315
2471,Reshuffle,0.09741,0.04689438,0.046743,0.013536280154520835
2473,Reshuffle,0.019981999999998834,0.04428904,0.04353,0.07237132122273389
2550,Reshuffle,0.01868999999999943,0.04988824,0.048297,0.1357085520370832
2595,Reshuffle,-0.11568000000000112,0.045079140000000004,0.0436936,0.13069362996584724
2692,Reshuffle,-0.1280399999999986,0.04778106,0.0437276,0.37113139435033776
2702,Reshuffle,-0.06608400000000003,0.03615138,0.0375882,-0.1631685239745199
2772,Reshuffle,0.2622739999999997,0.05945528,0.0532068,0.46486005136953423
2773,Reshuffle,-0.03036600000000078,0.05797392,0.0568442,0.08238613127116942
2776,Reshuffle,0.21584000000000003,0.0661583,0.06206160000000001,0.2676124312180947
2788,Reshuffle,-0.35246399999999944,0.0477309,0.0493438,-0.13913008862694715
2794,Reshuffle,-0.3022240000000007,0.04134702,0.0441189,-0.2716523741147483
2804,Reshuffle,0.08610999999999969,0.045282119999999995,0.0453984,-0.010736703690436245
2823,Reshuffle,-0.2978360000000002,0.05637346,0.05726669999999999,-0.06581501417041045
2830,Reshuffle,-0.2453379999999985,0.04883156,0.0492658,-0.03706423590033228
2841,Reshuffle,-0.22186999999999912,0.05582456,0.059131100000000006,-0.24090340780060235
2846,Reshuffle,-0.0157519999999991,0.04456908,0.0446571,-0.008259788243155519
2850,Reshuffle,-0.11152399999999929,0.0600781,0.0598019,0.01929111885898804
2861,Reshuffle,0.17556999999999867,0.04672046,0.044446,0.20893589120892603
2916,Reshuffle,0.06500600000000034,0.05268742,0.05169820000000001,0.07934963309154515
3023,Reshuffle,-0.6695820000000001,0.04842208,0.0526906,-0.35367926479247624
3026,Reshuffle,0.29272399999999976,0.055429759999999995,0.0586294,-0.23494413996130034
3031,Reshuffle,0.09285999999999817,0.07110194,0.0775439,-0.3630923379884437
3035,Reshuffle,0.025660000000000238,0.08399246,0.0794637,0.23204322153315587
3046,Reshuffle,0.04255999999999993,0.09614826,0.0953191,0.03625985115886866
3054,Reshuffle,0.03172000000000175,0.07824563999999999,0.0730503,0.2876319975607813
3167,Reshuffle,-0.03990399999999994,0.056181119999999994,0.056008999999999996,0.012845670386597154
3169,Reshuffle,0.3294900000000016,0.04688084,0.0417288,0.48738041787329883
3174,Reshuffle,-0.11153999999999975,0.0716319,0.0741051,-0.14210547712481095
3190,Reshuffle,-0.09913399999999939,0.045170880000000004,0.0440119,0.10881758776138128
3219,Reshuffle,-0.005180000000001073,0.06877346,0.0686924,0.004937322602804774
3225,Reshuffle,0.44506799999999913,0.05159104,0.0476506,0.3326280553250274
3226,Reshuffle,0.3305199999999999,0.060096079999999996,0.0550646,0.36605623529181236
3234,Reshuffle,-0.17748000000000097,0.06380394,0.0615437,0.15099590848797853
3236,Reshuffle,0.4956800000000001,0.07463878,0.0661628,0.5046468056381549
3259,Reshuffle,0.05055999999999905,0.07046670000000001,0.067385,0.18721054306266413
3261,Reshuffle,0.518597999999999,0.057288799999999994,0.05345989999999999,0.2895931067191462
3289,Reshuffle,0.2450720000000004,0.061583679999999995,0.057735999999999996,0.270095393306385
3290,Reshuffle,0.0702399999999983,0.08362008,0.0812533,0.12020343879040801
3297,Reshuffle,0.34313000000000216,0.0430013,0.0432515,-0.02428818317614321
3308,Reshuffle,0.22785999999999973,0.064738,0.0660029,-0.08100987867140622
3346,Reshuffle,0.10538399999999903,0.05126624,0.0473742,0.3305426699956479
3389,Reshuffle,0.35939999999999905,0.06240624,0.0631977,-0.0527607747856074
3409,Reshuffle,0.3114599999999985,0.07286352,0.0666341,0.37415319515437534
3415,Reshuffle,0.00882000000000005,0.06370958,0.058412900000000004,0.363379456596091
3423,Reshuffle,0.40945999999999927,0.07448314,0.0719445,0.14517815839430967
3441,Reshuffle,0.1823200000000007,0.0623618,0.0586328,0.2581330806499607
3450,Reshuffle,0.07960400000000156,0.06107646,0.0555092,0.4001349726577651
3456,Reshuffle,0.5407099999999989,0.0457667,0.0430872,0.25257401966861387
3460,Reshuffle,0.13978000000000002,0.0830002,0.0796937,0.17019107060274852
3466,Reshuffle,0.07035999999999909,0.06603072,0.0603321,0.37785465290455195
3468,Reshuffle,0.477722,0.053039939999999994,0.0494674,0.29192935851006546
3507,Reshuffle,0.3332820000000005,0.06788824,0.0642204,0.23252545103797875
3524,Reshuffle,-0.041211999999999804,0.04790166,0.0456388,0.20259215913088327
3544,Reshuffle,-0.12533999999999956,0.05727586,0.0571306,0.010631032208295099
3555,Reshuffle,0.06640800000000091,0.05796327999999999,0.05393089999999999,0.3018712645855267
3564,Reshuffle,-0.18605999999999945,0.04203768,0.0416883,0.034939769063986
3565,Reshuffle,-0.16947199999999896,0.050961219999999995,0.051353,-0.032061814365995395
3604,Reshuffle,0.2052600000000009,0.056930959999999996,0.05332950000000001,0.2735854664979598
3615,Reshuffle,-0.14631999999999934,0.07883137999999999,0.0831843,-0.22501313854210467
3690,Reshuffle,-0.41555999999999926,0.0666697,0.0681425,-0.09147692698569623
3724,Reshuffle,0.3286320000000007,0.0508741,0.0462503,0.3989135804621933
3754,Reshuffle,-0.004683999999999244,0.044087100000000004,0.0428241,0.12168523553167021
3818,Reshuffle,0.2924080000000018,0.05520815999999999,0.0489067,0.507386975106815
3830,Reshuffle,0.2751999999999999,0.08199518,0.0842727,-0.11469928569534614
3838,Reshuffle,0.23861000000000132,0.04826758,0.045987,0.20263167319374426
3849,Reshuffle,0.16585999999999856,0.05027136,0.0468303,0.29684326407124245
299,EqualStrength,1.2379148039088594,0.17495921329750144,0.0726204232784141,3.681205717074995
299,InterHalf,-0.05122876293998324,0.06875440161439636,0.0726204232784141,-0.22902358140460333
501,EqualStrength,1.1534229720983387,0.16518791721716242,0.07316108390122733,3.4095588056853328
501,InterHalf,-0.047892273175621725,0.06503101915675133,0.07316108390122733,-0.49316505290039553
542,EqualStrength,0.6379062807671954,0.14349977273179776,0.06317542938067278,3.434669027582266
542,InterHalf,0.8660684016774933,0.08098778619745968,0.06317542938067278,1.0398517238135956
573,EqualStrength,0.9975253610812516,0.14729247284903021,0.05451092873252164,4.161447346387149
573,InterHalf,-0.23568920128687765,0.056200814058115216,0.05451092873252164,0.12781357639799365
605,EqualStrength,0.9585950554632436,0.150278572367028,0.06799918135996817,3.3198632257123863
605,InterHalf,0.862034395077778,0.07664200601621451,0.06799918135996817,0.5009116295806646
619,EqualStrength,2.126393125497108,0.19094379753735566,0.05781877178325051,5.001451763890754
619,InterHalf,0.8010867613108399,0.06829008578297247,0.05781877178325051,0.6968453317125733
748,EqualStrength,1.759481568369882,0.15521901678534228,0.054329574131723096,4.394841451798565
748,InterHalf,1.1041399018064357,0.07429312821438458,0.054329574131723096,1.3101599085269626
758,EqualStrength,0.6733575795269502,0.1478586671346372,0.05850513533007374,3.881469014217946
758,InterHalf,0.56654175395742,0.07757176098066275,0.05850513533007374,1.1809615129706892
781,EqualStrength,1.5615003505425218,0.16363892290611498,0.06194284430159775,4.066963385318506
781,InterHalf,-0.315710835242923,0.056101476989011,0.06194284430159775,-0.4146713112581322
901,EqualStrength,3.5745009301475434,0.1960080835948799,0.048680653119224836,5.8312493415136615
901,InterHalf,2.0340179858405225,0.06439322414519076,0.048680653119224836,1.1710722174352977
917,EqualStrength,3.9823828838258333,0.29977117775908196,0.04531822409722978,7.909571940645617
917,InterHalf,2.9342370349958955,0.081080886368174,0.04531822409722978,2.435438399497187
962,EqualStrength,3.1798899777751384,0.280600355863246,0.05274688454752664,6.997405709112361
962,InterHalf,1.9532681773969287,0.07683313853013106,0.05274688454752664,1.5746687929825827
970,EqualStrength,1.9836137437993528,0.20756468691040686,0.05588220945661265,5.493495091852158
970,InterHalf,1.0624158044587642,0.07862012511413465,0.05588220945661265,1.4291896789494596
1021,EqualStrength,4.595840981000961,0.24100424174270813,0.03941371844394124,7.580473902642533
1021,InterHalf,1.7682516752564048,0.06039544512083952,0.03941371844394124,1.7867914670056455
1079,EqualStrength,3.3571810098184702,0.27423576765746427,0.04920517857344453,7.192339425067404
1079,InterHalf,2.2924634205429797,0.07403741627777277,0.04920517857344453,1.7104800483339968
1083,EqualStrength,3.7287372364025657,0.24034600702954817,0.043355189212165454,7.1699997092232
1083,InterHalf,2.0695094184931975,0.06921071762588386,0.043355189212165454,1.9581425993713126
1113,EqualStrength,3.1444713095975203,0.2698903049968273,0.048818093135671994,7.158534653570979
1113,InterHalf,1.466731122672316,0.06877670025551139,0.048818093135671994,1.4349770150305006
1147,EqualStrength,2.5656763819841473,0.2274356275293654,0.05671108419956588,5.81460113121076
1147,InterHalf,-0.14520351706335255,0.06989559929285835,0.05671108419956588,0.8751139097190059
1236,EqualStrength,2.611002269714138,0.30620656939969243,0.055344207215060566,7.161772263602062
1236,InterHalf,1.531166655641968,0.07612594985854017,0.055344207215060566,1.3347239884948385
1257,EqualStrength,2.9251888281663785,0.19943111029683688,0.052799043369765125,5.5637394401237135
1257,InterHalf,1.513322979711491,0.07461219369831149,0.052799043369765125,1.447732621650531
1284,InterHalf,1.6345557313252286,0.07121279686435299,0.05062727275303759,1.4283543775191738
1353,EqualStrength,1.7761901408566079,0.21938271187896968,0.059831657476727036,5.43943027978455
1353,InterHalf,0.964682060190512,0.07672797497270846,0.059831657476727036,1.0413109590837022
1418,EqualStrength,1.8725419425156495,0.2295770053947052,0.06906270273252141,5.028906930957192
1418,InterHalf,1.0346946106199315,0.08214350159520323,0.06906270273252141,0.7261582957493403
1420,EqualStrength,4.713325104313493,0.25839214449233755,0.036319129865327114,8.214446894329962
1420,InterHalf,1.3578741910622556,0.05146997266411268,0.036319129865327114,1.4596352673909554
1454,EqualStrength,2.988664460719125,0.26459404997080604,0.051008014204039547,6.891852980019142
1454,InterHalf,1.8044870507805317,0.07705229528983708,0.051008014204039547,1.7269324051872659
1796,EqualStrength,3.7787106762278526,0.18934148921203356,0.03820567574476982,6.700757106631374
1796,InterHalf,1.6732113629094805,0.05407917183043386,0.03820567574476982,1.4546577314286673
1850,EqualStrength,2.5343441670390483,0.17688570297826933,0.05097462831692112,5.208725206348354
1850,InterHalf,1.64751247828171,0.07377175243190168,0.05097462831692112,1.547525901493718
1889,EqualStrength,3.8715826573286662,0.19011421533078357,0.03574451428291891,6.996574641896008
1889,InterHalf,0.5961476821141858,0.04199083155121829,0.03574451428291891,0.6742524643912928
1946,EqualStrength,3.6191487814528873,0.16828623472779092,0.043083158544088736,5.70423101546883
1946,InterHalf,2.185520956671475,0.07085344084684067,0.043083158544088736,2.082699092871017
1967,EqualStrength,4.797358926100017,0.1901260894954639,0.03252442497831854,7.392063338035772
1967,InterHalf,1.1397533944967702,0.043529278192490355,0.03252442497831854,1.2201198430596227
2028,EqualStrength,3.059374365424949,0.2651740616101754,0.04815698276975063,7.141812587386536
2028,InterHalf,1.101490977256585,0.0612077715015047,0.04815698276975063,1.0039530702848458
2129,EqualStrength,2.7634080833003747,0.20091440370918492,0.04886763023007855,5.918703079412562
2129,InterHalf,1.3790448820590946,0.06575519287843876,0.04886763023007855,1.2426473259710131
2351,EqualStrength,2.8402920199132087,0.17654333774553047,0.049108426213329406,5.3567593722424105
2351,InterHalf,1.9318922843299884,0.0667542304614679,0.049108426213329406,1.285197149264876
2405,EqualStrength,2.0816078793106847,0.19293593264686196,0.055557267808096146,5.211940781001583
2405,InterHalf,0.9420720463713845,0.07492346512068424,0.055557267808096146,1.251980503599636
2471,EqualStrength,3.253217526885461,0.1781424784341136,0.04674302678669874,5.601178325638157
2471,InterHalf,1.271728365278662,0.05646338025017409,0.04674302678669874,0.7909412291547655
2473,EqualStrength,3.6890759675526645,0.18947166570700966,0.043529965838011456,6.157442400398897
2473,InterHalf,1.4546274222999642,0.05859232669981148,0.043529965838011456,1.244031986649184
2550,EqualStrength,2.4293884735841296,0.1589680525044941,0.04829704561702237,4.987499150894319
2550,InterHalf,1.3469481586712888,0.06547513743059004,0.04829704561702237,1.27394830382953
2595,EqualStrength,3.200143027564124,0.27032315014753716,0.04369361439132336,7.629520828374839
2595,InterHalf,1.124620575729331,0.05667500312925344,0.04369361439132336,1.0890361528499148
2692,EqualStrength,3.3914526892852734,0.21695936807551777,0.0437276232297931,6.705621626314732
2692,InterHalf,1.5655415144573777,0.05710383041221275,0.0437276232297931,1.1173363843482171
2702,EqualStrength,4.350487371075337,0.30131503214550087,0.03758817872999448,8.714032721816887
2702,InterHalf,1.3460592356736072,0.05051408381081631,0.03758817872999448,1.237368798370053
2772,EqualStrength,2.3784596210928424,0.22472714457795837,0.05320675388450131,6.031478189162798
2772,InterHalf,0.5627648902880313,0.06908245202411226,0.05320675388450131,1.0931561711666893
2773,EqualStrength,2.646188589045975,0.26168254101310173,0.05684418218434481,6.392004104801883
2773,InterHalf,1.201730791533123,0.07938452666778563,0.05684418218434481,1.3982429762994553
2776,EqualStrength,1.706492086918523,0.24603901135818768,0.06206161012574832,5.766309758330496
2776,InterHalf,-1.023754879967516,0.05271804591184359,0.06206161012574832,-0.6831081058371259
2788,EqualStrength,3.4350631653272963,0.24921080934964318,0.04934380390545054,6.779960563898351
2788,InterHalf,0.12114189737385495,0.047891478675059475,0.04934380390545054,-0.12506967135486405
2794,EqualStrength,3.659887885270596,0.2967991493345865,0.044118946715579185,7.980139908233172
2794,InterHalf,0.024043524430322094,0.05081788606732147,0.044118946715579185,0.5917978188938056
2804,EqualStrength,3.221402369320643,0.24266569075272296,0.0453983932050697,7.0174225555127085
2804,InterHalf,1.598095238403582,0.06823678667875888,0.0453983932050697,1.706023046829782
2823,EqualStrength,2.839954590345849,0.2792404121405316,0.057266677499258144,6.632877710366903
2823,InterHalf,2.026288641408117,0.08426140534375967,0.057266677499258144,1.6168421893687348
2830,EqualStrength,3.5007374106922633,0.25630263542649356,0.04926575254829012,6.904059719392765
2830,InterHalf,1.6598315858174004,0.07521251735225042,0.04926575254829012,1.7712543911671172
2841,EqualStrength,2.251809210129162,0.23660671214236217,0.05913113235613496,5.805157246573451
2841,InterHalf,1.1497957528081955,0.07460931070442388,0.05913113235613496,0.9733905872158232
2846,EqualStrength,3.7557525590445504,0.2524356724948931,0.044657087391526004,7.251595368418778
2846,InterHalf,1.334363203072403,0.0613602734406908,0.044657087391526004,1.3302544083836585
2850,EqualStrength,2.873382446923186,0.2104735915797003,0.05980188371356908,5.267952587649594
2850,InterHalf,1.9195458785523876,0.09134733853846963,0.05980188371356908,1.7735296665288887
2861,EqualStrength,3.4060627738627574,0.2604358573530162,0.04444603225557697,7.402047149646679
2861,InterHalf,-0.24452896649500566,0.04602636409578965,0.04444603225557697,0.1462702760083721
2916,EqualStrength,2.896058645701574,0.2532075649483521,0.051698232793748744,6.651431278171089
2916,InterHalf,1.604503193522273,0.07255870708283893,0.051698232793748744,1.4191033843036245
3023,EqualStrength,2.610956184970666,0.2377322841205386,0.05269055978248231,6.307816624355582
3023,InterHalf,-0.08721390949341412,0.05176745625968319,0.05269055978248231,-0.07399453568870047
3026,EqualStrength,3.0041518801820146,0.2666333576476788,0.0586293773237214,6.341014443093244
3026,InterHalf,-0.03203356212132924,0.057377391492385334,0.0586293773237214,-0.09036758044797115
3031,EqualStrength,1.8576137286695449,0.2292695573678289,0.07754387152154076,4.538379954571251
3031,InterHalf,1.1558017529974727,0.08355992276185284,0.07754387152154076,0.3128149203734105
3035,EqualStrength,1.1682032485069271,0.2674709081620155,0.07946368879640174,5.081183388044426
3035,InterHalf,-0.11503944588251613,0.07545883377196264,0.07946368879640174,-0.21649542147756845
3046,EqualStrength,0.9654583703750319,0.24547188938993664,0.09531909610683174,3.9602165597337966
3046,InterHalf,0.19243212971084667,0.09840751514359207,0.09531909610683174,0.1334945217720447
3054,EqualStrength,1.1774065441186075,0.2108879974690408,0.07305032685118625,4.43842341954992
3054,InterHalf,-0.6828110895515351,0.07196396439863807,0.07305032685118625,-0.0627266039964297
3167,EqualStrength,3.105816382993078,0.2514301173736173,0.05600895942104443,6.286652026594541
3167,InterHalf,1.78923458564641,0.07878170681241045,0.05600895942104443,1.4283001209042763
3169,EqualStrength,3.563333544161477,0.24520441589225475,0.04172884349045544,7.413847708949819
3169,InterHalf,0.053078070123540044,0.04143892015254506,0.04172884349045544,-0.029188355034216937
3174,EqualStrength,1.2980439468592575,0.29118486388777287,0.07410514615120023,5.72909547198424
3174,InterHalf,-0.08711204309031473,0.07425331773317057,0.07410514615120023,0.008362428982891369
3190,EqualStrength,3.286398250513564,0.23755743829772846,0.0440119469520192,7.058200173059482
3190,InterHalf,-0.031611335188745926,0.04324698892086933,0.0440119469520192,-0.0734037978317177
3219,EqualStrength,2.0323333371134744,0.26734195910821895,0.06869240234368759,5.688974802011139
3219,InterHalf,0.18746157489151294,0.066746887993336,0.06869240234368759,-0.12028164269461886
3225,EqualStrength,3.0409537470964274,0.25328422878908363,0.047650565907917004,6.994019091463078
3225,InterHalf,1.464900451208722,0.06685537261256519,0.047650565907917004,1.417699965353064
3226,EqualStrength,2.0015216041513675,0.28326046474683203,0.05506462368385325,6.856876432985422
3226,InterHalf,0.2995565682557526,0.0634224952026515,0.05506462368385325,0.591597207670785
3234,EqualStrength,1.6627797475435084,0.2490181520917255,0.061543684813908976,5.851781263501589
3234,InterHalf,0.5736869245450738,0.0691554927896452,0.061543684813908976,0.4881872283529568
3236,EqualStrength,1.830307902360607,0.24760997824445152,0.06616278367052324,5.525060166780778
3236,InterHalf,-0.18481305680270133,0.06687458702121067,0.06616278367052324,0.04479919680022019
3259,EqualStrength,1.3038011116686388,0.2087622312529805,0.06738502085108035,4.73396694672977
3259,InterHalf,0.17362921334192905,0.08282924426323733,0.06738502085108035,0.8639168582665743
3261,EqualStrength,2.5493227970278287,0.2367674273546235,0.053459927584823014,6.230103325834551
3261,InterHalf,1.2726277698682509,0.06585813281018696,0.053459927584823014,0.873177909121648
3289,EqualStrength,2.5199974365730853,0.27959080553936505,0.057735957771943104,6.603960676154816
3289,InterHalf,1.320409339773759,0.08077228486830071,0.057735957771943104,1.4056285288711015
3290,EqualStrength,1.2916628759847555,0.24455624765969494,0.08125331481509132,4.612979625194741
3290,InterHalf,0.038891979451674885,0.08643100869947527,0.08125331481509132,0.258619754833929
3297,EqualStrength,3.5513957063689574,0.291914902616933,0.04325148702041485,7.993806239315007
3297,InterHalf,1.1850370534693937,0.06092000440071652,0.04325148702041485,1.4339972185632421
3308,EqualStrength,2.636684797370279,0.24059328982329334,0.06600291005493168,5.414839877184586
3308,InterHalf,1.711681172546795,0.08452373115608953,0.06600291005493168,1.0354584186019593
3346,EqualStrength,3.0815200588435836,0.23390629876283411,0.047374237376589946,6.6851579021854635
3346,InterHalf,0.9262942704369603,0.06458992161971913,0.047374237376589946,1.2977263881520957
3389,EqualStrength,2.5367556308878516,0.2494764960646613,0.06319774402821017,5.748448527725443
3389,InterHalf,0.07808888556985671,0.06338227272824151,0.06319774402821017,0.012206152441157029
3409,EqualStrength,1.9025516916558445,0.2694262925686232,0.06663414338811066,5.848847362637008
3409,InterHalf,0.21626868114550746,0.06765799672639625,0.06663414338811066,0.06383741301191785
3415,EqualStrength,2.1377666608760233,0.21526558108932986,0.05841285307523914,5.460587681675687
3415,InterHalf,-0.6427026257166215,0.050070087758705466,0.05841285307523914,-0.6451885599677553
3423,EqualStrength,1.5597147120250874,0.2539786898028042,0.07194450375868909,5.280647252408506
3423,InterHalf,-0.041717422485792355,0.0721658196994636,0.07194450375868909,0.012858717435442774
3441,EqualStrength,2.4133566700406313,0.26870603990046427,0.058632795195888515,6.373188332836392
3441,InterHalf,1.665515359341633,0.08637202700204696,0.058632795195888515,1.6217179885579511
3450,EqualStrength,2.2635597497232975,0.1953731676950547,0.05550917339563976,5.268120415146077
3450,InterHalf,1.0810404018798199,0.07493265060807332,0.05550917339563976,1.256119425136072
3456,EqualStrength,3.97641767074032,0.2514610132326752,0.0430871754067356,7.3852244021744955
3456,InterHalf,1.4390760237388776,0.0637253255036311,0.0430871754067356,1.6384094393731239
3460,EqualStrength,1.100732198939383,0.28062567810871497,0.07969365516359006,5.27008213783755
3460,InterHalf,0.22573790730105436,0.09174258400537426,0.07969365516359006,0.5894434314016697
3466,EqualStrength,2.5336167304441073,0.24690415562854467,0.060332122664389184,5.899327202777583
3466,InterHalf,-0.25459131129608537,0.05222495912884632,0.060332122664389184,-0.6041274055651353
3468,EqualStrength,2.9624605563248796,0.23824400058491232,0.049467400138328954,6.581079560446184
3468,InterHalf,0.44219991875819,0.0572137330761505,0.049467400138328954,0.6090504524352182
3507,EqualStrength,2.6508852117003325,0.28504165238162155,0.06422041791027593,6.239180207398056
3507,InterHalf,-0.22685735647869798,0.06241386480240228,0.06422041791027593,-0.11945617692234917
3524,EqualStrength,3.5395090891739045,0.2581145179696613,0.04563881161147736,7.253694645463134
3524,InterHalf,1.68494867967377,0.060785469971935,0.04563881161147736,1.1998148159570747
3544,EqualStrength,2.4062766085169454,0.21949494791502847,0.05713059374959613,5.634966892263014
3544,InterHalf,1.165108657503552,0.07081323523228171,0.05713059374959613,0.8988644597521246
3555,EqualStrength,2.709272488155312,0.2260548982489114,0.05393090692148971,5.999545854189194
3555,InterHalf,1.171901990731822,0.069550331164103,0.05393090692148971,1.0648201327531344
3564,EqualStrength,3.9834667769710173,0.2245976819005111,0.041688312806798446,7.050419918896314
3564,InterHalf,1.991646982343914,0.06265671967624543,0.041688312806798446,1.7057844623422542
3565,EqualStrength,2.789814798957721,0.2317302083285002,0.05135295662092147,6.30841282878444
3565,InterHalf,-0.169585759570813,0.04884758118830387,0.05135295662092147,-0.20939822649091341
3604,EqualStrength,2.3693178028039785,0.2717059351510228,0.0533294533982132,6.816569829473664
3604,InterHalf,-0.17903170983675132,0.05227191428331396,0.0533294533982132,-0.08385348637017888
3615,EqualStrength,1.0739996279903874,0.2551434886580419,0.08318434712977264,4.692075657698766
3615,InterHalf,-0.01970678600436848,0.08492297028168144,0.08318434712977264,0.08659923077391282
3690,EqualStrength,1.6137977787054147,0.28919617373429024,0.06814251113786428,6.051583209356303
3690,InterHalf,-0.19733551998135823,0.06267089527307554,0.06814251113786428,-0.350426159754637
3724,EqualStrength,2.5046291235986473,0.22446204940421086,0.0462502718326804,6.613138900977075
3724,InterHalf,0.34259738031747133,0.05832727740712259,0.0462502718326804,0.971275468325344
3754,EqualStrength,4.175419967299632,0.2231548589603653,0.04282413258656928,6.910902219360211
3754,InterHalf,2.1807410327849084,0.06877744352470375,0.04282413258656928,1.9834487295509813
3818,EqualStrength,2.8168315790911738,0.28286729392168414,0.04890665648235426,7.347553507153319
3818,InterHalf,1.09147239620496,0.06937244119425415,0.04890665648235426,1.4634960015749332
3830,EqualStrength,1.139301941904323,0.22229702557401107,0.08427274613435995,4.060707547086792
3830,InterHalf,-0.1127169049887975,0.08261065227205151,0.08427274613435995,-0.08339432147882278
3838,EqualStrength,3.5841610110621716,0.2295544087173214,0.04598699079053381,6.730955939582506
3838,InterHalf,1.1364995639066784,0.06169400976486151,0.04598699079053381,1.2301082284653473
3849,EqualStrength,3.186597862469272,0.2518145859587545,0.04683027347314144,7.042353746698863
3849,InterHalf,1.4737227470852243,0.06339425950572175,0.04683027347314144,1.2678500683216403
