region,r_age_camCAN,r_age_HCPa
Precentral_L,0.13754257595871436,0.16518194275930226
Precentral_R,-0.03693677329141537,-0.07387183088609534
Frontal_Sup_L,0.16921557157293282,0.18952628218318435
Frontal_Sup_R,-0.010489520299935455,-0.03994460745299331
Frontal_Mid_L,0.20583147802502008,0.12059744654187286
Frontal_Mid_R,0.2720509218295339,0.09496250544462163
Frontal_Inf_Oper_L,0.12435075899431026,0.1810972149930382
Frontal_Inf_Oper_R,0.25365535994276683,0.14289251329717667
Frontal_Inf_Tri_L,0.2690684780613014,0.3156404566538259
Frontal_Inf_Tri_R,0.29937337181454865,0.23998364704450703
Frontal_Inf_Orb_L,0.07204574851208793,0.1502672114264189
Frontal_Inf_Orb_R,0.17688071398981067,-0.030344636936262683
Rolandic_Oper_L,0.06608856420492977,0.22149733049275705
Rolandic_Oper_R,0.1569372264707479,0.1534588787884415
Supp_Motor_Area_L,-0.4068569951915677,-0.3181323591240849
Supp_Motor_Area_R,-0.4577307193706374,-0.4368724189203669
Olfactory_L,0.008226681351397737,-0.048168823575556664
Olfactory_R,0.02260310366775786,0.01108068160779342
Frontal_Sup_Medial_L,-0.2775884738438751,-0.21615714054203278
Frontal_Sup_Medial_R,-0.16080552349236824,-0.31258897768012506
Frontal_Med_Orb_L,0.010706069281587587,-0.0014929961757841688
Frontal_Med_Orb_R,0.029502427037785262,0.0709972188500338
Rectus_L,0.18100715392179625,-0.04654975647377797
Rectus_R,0.07987739137000832,0.05731813064427513
OFCmed_L,0.044407295553145015,0.1439593887542248
OFCmed_R,0.19306687993814292,0.052485681701459855
OFCant_L,-0.10625938977599203,-0.0024650520610728327
OFCant_R,-0.006039604347498765,-0.059976840261347614
OFCpost_L,0.11472403336737884,0.0851774651225244
OFCpost_R,0.19506126051878744,0.11286278979276344
OFClat_L,-0.04042536085071869,0.10529230596945625
OFClat_R,0.10075161808441835,0.03127260459918834
Insula_L,0.07485508257947539,-0.026583208410562817
Insula_R,0.10449764808267878,0.017272866174422898
Cingulum_Mid_L,0.07626966991152813,0.110591119756291
Cingulum_Mid_R,0.011000516309759205,0.24044039198505723
Cingulum_Post_L,0.07919905496526246,0.07875767216824361
Cingulum_Post_R,0.08469308501420661,0.08497963482933571
Hippocampus_L,0.2284831468008506,0.05829555801333716
Hippocampus_R,0.20008952204023447,-0.0374408127543059
ParaHippocampal_L,0.17133922163288037,0.13508015276218344
ParaHippocampal_R,0.14907539715245824,0.1606410598678225
Amygdala_L,0.02093537803257417,0.0020141851883176765
Amygdala_R,-0.027117614666984372,0.05731980074598153
Calcarine_L,0.04030884299820858,0.12133685841601671
Calcarine_R,0.07215633259326826,0.2614406073100717
Cuneus_L,0.20628115980747452,0.2068414673505969
Cuneus_R,0.13088102434186902,0.10798927314220512
Lingual_L,0.24145234026673423,0.31571147018407425
Lingual_R,0.22128563442670865,0.3072804419434702
Occipital_Sup_L,0.20416453963366948,0.1354453470246978
Occipital_Sup_R,0.18595658951146027,0.14519913505808307
Occipital_Mid_L,0.3642420610621738,0.13779375877617311
Occipital_Mid_R,0.2727116899231705,0.10690189258988428
Occipital_Inf_L,0.09293716798355983,0.01920994914408126
Occipital_Inf_R,0.16749781655344614,0.1320037954674485
Fusiform_L,0.2906447749284576,0.20923270819819825
Fusiform_R,0.23399274173913762,0.23661896828921553
Postcentral_L,0.19462292712638724,0.18387993879090614
Postcentral_R,0.11792080336855008,0.2649306847182654
Parietal_Sup_L,0.17679581937874533,0.031272941020921166
Parietal_Sup_R,0.11039870171562745,0.15632638074869273
Parietal_Inf_L,0.17365214038778604,0.14993229457249233
Parietal_Inf_R,0.09277503860832648,0.24212152820328564
SupraMarginal_L,0.10217522470938345,0.13391960250978308
SupraMarginal_R,0.012741399350735804,0.1734752899754076
Angular_L,-0.03687174087418972,0.041586967337539055
Angular_R,0.22954012883963,0.23583020228698232
Precuneus_L,-0.2600632490186732,-0.3341489077122021
Precuneus_R,-0.244303523043672,-0.2727227848864288
Paracentral_Lobule_L,-0.3963770423932457,-0.31806430736621083
Paracentral_Lobule_R,-0.3162370097738406,-0.23351095263697086
Caudate_L,-0.2029228280659852,-0.03027711614368022
Caudate_R,0.017870765873598028,-0.25084142645867824
Putamen_L,0.36756357398979017,0.39163957968928553
Putamen_R,0.3641901592127829,0.38142228771694
Pallidum_L,0.21679513426105734,0.22423091709221632
Pallidum_R,0.31164740218798337,0.3420173569178365
Heschl_L,0.046962676408594015,0.14101795245041998
Heschl_R,0.2056476355679067,0.22389856401370897
Temporal_Sup_L,0.0728587822587899,0.06514307292663844
Temporal_Sup_R,0.10035029921929618,0.0900456884849721
Temporal_Pole_Sup_L,0.18727329006664903,0.1819717132913318
Temporal_Pole_Sup_R,0.3549135865159852,0.14116489228147117
Temporal_Mid_L,0.08494018442962745,0.16388252356048746
Temporal_Mid_R,0.21460218623163888,0.14326010018303992
Temporal_Pole_Mid_L,0.0862224334684224,0.10751602689412636
Temporal_Pole_Mid_R,0.2602478903526181,0.26639970256810064
Temporal_Inf_L,0.1325956818056498,0.27113166950953516
Temporal_Inf_R,0.21870534776508946,0.1802036955108667
