k,mean,sem,size
1,1.0,0.0,2279
2,1.229954873410623,0.004031982872933251,3447
3,1.4497295217803026,0.005264429289981183,5376
4,1.646672493172302,0.0058664535395018145,7332
5,1.839174469664261,0.006267691182757905,9311
6,2.0254520448416136,0.006669127415802098,11304
7,2.1497519346818303,0.006799971609709966,12839
8,2.28948866349698,0.007089445084772949,13980
9,2.4059030069144542,0.007365570968325475,14621
10,2.513845233568488,0.007729071740646069,14890
11,2.598652247844692,0.007905819708595559,15127
12,2.691344988999663,0.008335645858393035,15355
13,2.7566311426758494,0.008577024850743136,15338
14,2.8467716975649218,0.009026289989401604,15646
15,2.904657000594088,0.009212347057275288,15458
16,2.961961407460469,0.009770787431377942,15048
17,3.033874507987881,0.010298372482580502,14762
18,3.1022519421324337,0.011091819447150979,14102
19,3.152365146149858,0.011547763443865593,13872
20,3.208573007119618,0.012485647815801627,13038
21,3.2525730537888284,0.013143508025410615,12036
22,3.31620304930012,0.014120443561703638,11179
23,3.3605192791195457,0.014828105172122187,10240
24,3.381733965052163,0.015562577224110486,9309
25,3.448591093384601,0.017007381835478695,8373
26,3.486429391842365,0.017476819910649075,7759
27,3.50607574901213,0.018694244070106454,6914
28,3.532102795507771,0.019235934814064937,6246
29,3.549183037644643,0.020702169770705423,5363
30,3.584607526468439,0.02099470074642375,4957
31,3.643027206733898,0.023712800769728145,4164
32,3.6742471950465836,0.02440938437286993,3630
33,3.704906913384864,0.026890341019542574,3108
34,3.7667053052258432,0.02860978044857026,2663
35,3.8064554483273647,0.03232288147711384,2200
36,3.764956691976118,0.03319963294666418,1784
37,3.8179505884968665,0.03947105096071266,1484
38,3.797234652220792,0.04023292251266661,1171
39,3.8722418833717724,0.04791807758440971,938
40,3.965498056701237,0.058075430120543996,672
41,3.9504470917737033,0.05851987455980407,610
42,3.8981339062904548,0.07159777716171312,472
43,4.019649095659064,0.07942510870341805,390
44,3.8450012077261757,0.08125304219294395,274
45,4.029345354252316,0.1055232544821549,215
46,4.1511346487208085,0.11833739564667954,158
47,4.008654040936158,0.12479584957373624,133
48,4.085023965442047,0.187762730610318,79
49,3.984417549351109,0.18543119890823634,68
50,4.415096653516705,0.20317813588720438,55
51,4.577323983749081,0.25487321586159517,42
52,4.356950963352762,0.2803145433116327,32
53,3.9509147468355508,0.2812439574638438,17
54,5.246963540801944,0.5040658116688673,12
55,3.6309953407306454,0.22792147745145375,11
56,3.839366292309268,0.26155692484030235,15
57,3.199513161617425,0.18794161037212628,6
58,4.24877429160477,0.7356468828863085,4
59,3.272373997553747,0.2976964744379469,4
60,6.600245494933588,0.1726204499455725,3
61,3.425991287550303,0.8726659976679412,2
62,2.0283707728739904,,1
63,3.886594427150124,,1
64,3.666738315119831,0.3784995587021639,2
