sid,eps,MC
3677,1e-09,9.634648493298757
3677,1e-07,8.108699370144448
3677,1e-05,6.137059266963128
3677,0.001,3.9688500420167165
3681,1e-09,9.650776786951548
3681,1e-07,8.156658867225417
3681,1e-05,6.499396741409434
3681,0.001,4.404061412782636
684,1e-09,9.538981768762161
684,1e-07,7.510762488037737
684,1e-05,5.659439258580957
684,0.001,3.6725750474478187
1709,1e-09,8.485297492413867
1709,1e-07,7.067111727751534
1709,1e-05,5.473646267003567
1709,0.001,3.590072167350449
1228,1e-09,10.083045360540533
1228,1e-07,8.447070727631374
1228,1e-05,6.8610941129347545
1228,0.001,4.7348147935390745
4,1e-09,10.564842126273263
4,1e-07,8.478379212072186
4,1e-05,6.417365602717544
4,0.001,4.070316156200963
506,1e-09,10.31919337819603
506,1e-07,8.597175378441245
506,1e-05,6.284255893812015
506,0.001,4.08535253051207
155,1e-09,10.906691243371048
155,1e-07,8.99348318248305
155,1e-05,7.0196859987739435
155,0.001,4.958958699318676
1417,1e-09,9.357763418142168
1417,1e-07,7.663301162116412
1417,1e-05,5.888116633305329
1417,0.001,4.1686829236627245
596,1e-09,10.432591245503438
596,1e-07,8.463679873281995
596,1e-05,6.177261977854035
596,0.001,3.943079340645231
1354,1e-09,8.352369607337799
1354,1e-07,6.784696159135561
1354,1e-05,5.075494337574851
1354,0.001,3.4320961290676077
2044,1e-09,7.143750864764499
2044,1e-07,6.001762957382307
2044,1e-05,4.736014343060771
2044,0.001,3.0948428924427644
1219,1e-09,7.130454359369851
1219,1e-07,5.705093323660177
1219,1e-05,4.256882134114561
1219,0.001,2.8681457577856047
1779,1e-09,8.210328033987501
1779,1e-07,6.8320328947339215
1779,1e-05,5.435658252727984
1779,0.001,3.6973307733447975
2450,1e-09,7.974769456213609
2450,1e-07,6.668438789420026
2450,1e-05,5.332729150245275
2450,0.001,3.72150435122966
1444,1e-09,9.323301541119587
1444,1e-07,7.593593752219886
1444,1e-05,5.40106905697084
1444,0.001,3.3521763440976495
3540,1e-09,9.588854704401445
3540,1e-07,8.005006563781494
3540,1e-05,6.368061136479145
3540,0.001,3.984568262239404
1222,1e-09,10.541300888258423
1222,1e-07,8.910257286439787
1222,1e-05,6.995787478279311
1222,0.001,4.727905281645714
1801,1e-09,7.384878973272758
1801,1e-07,6.057789056990501
1801,1e-05,4.67943684294841
1801,0.001,3.208560524264283
820,1e-09,10.023792941377089
820,1e-07,8.722180135575226
820,1e-05,7.009260646260382
820,0.001,4.525430046479055
2293,1e-09,7.136969398473578
2293,1e-07,5.88937344937131
2293,1e-05,4.702352333961551
2293,0.001,2.698793283695247
2979,1e-09,8.5257607304113
2979,1e-07,6.899734761367803
2979,1e-05,5.267270799088968
2979,0.001,3.4580152103944197
1548,1e-09,7.7343171865622775
1548,1e-07,6.501739508131511
1548,1e-05,5.109073202220428
1548,0.001,3.5160613810464807
2811,1e-09,8.650594088004864
2811,1e-07,7.276080365967732
2811,1e-05,5.792685321495397
2811,0.001,4.022082556390955
876,1e-09,9.22335360598183
876,1e-07,7.655353607486641
876,1e-05,5.671920197422871
876,0.001,3.4202429302375594
1450,1e-09,8.397497929878687
1450,1e-07,6.988803120669675
1450,1e-05,5.360565841031249
1450,0.001,3.625011638831203
718,1e-09,10.15014700775944
718,1e-07,8.449925044626351
718,1e-05,6.401034559738502
718,0.001,4.014181736823984
2167,1e-09,8.127922916582765
2167,1e-07,6.84332020711026
2167,1e-05,5.383231061429397
2167,0.001,3.455283776410693
2620,1e-09,8.462803216149222
2620,1e-07,7.081954251016405
2620,1e-05,5.720233388439792
2620,0.001,4.03257631426369
3024,1e-09,8.523809118086529
3024,1e-07,7.225801378275981
3024,1e-05,5.837885988532919
3024,0.001,4.134038878263595
893,1e-09,9.9483241643751
893,1e-07,8.259284569954785
893,1e-05,6.389141008202387
893,0.001,3.8612745962133808
1349,1e-09,9.206775064517966
1349,1e-07,7.711714113733474
1349,1e-05,6.056607921819744
1349,0.001,4.1785032412458705
3328,1e-09,9.62360733009162
3328,1e-07,7.989369280224826
3328,1e-05,6.1000116542610305
3328,0.001,4.125106307120566
3423,1e-09,10.137241663769064
3423,1e-07,8.329209027304463
3423,1e-05,6.207456642363854
3423,0.001,3.8144049950566266
3415,1e-09,9.29903946093574
3415,1e-07,7.632752177907443
3415,1e-05,5.859973733829187
3415,0.001,3.852279917064014
3285,1e-09,9.165377185944887
3285,1e-07,7.663042948741941
3285,1e-05,5.879724670903682
3285,0.001,3.8002366103370147
560,1e-09,10.182205348419236
560,1e-07,8.445351740892123
560,1e-05,6.4151898555294204
560,0.001,4.285501461852271
42,1e-09,10.000207239064146
42,1e-07,8.168318985039026
42,1e-05,6.404468807789559
42,0.001,4.075155710246051
2501,1e-09,7.807108068340617
2501,1e-07,6.602897453685502
2501,1e-05,5.208206330607251
2501,0.001,3.516119799100054
3557,1e-09,7.58559582930551
3557,1e-07,6.233511756134628
3557,1e-05,4.713185826835023
3557,0.001,3.112054500949651
717,1e-09,10.528687491747757
717,1e-07,8.82581641730886
717,1e-05,7.0216682783474065
717,0.001,4.476890190732567
1621,1e-09,8.181445836468292
1621,1e-07,6.843094052191487
1621,1e-05,5.500860997706153
1621,0.001,3.74195591252363
1726,1e-09,9.529105357364827
1726,1e-07,7.92309030687421
1726,1e-05,6.146749206579887
1726,0.001,4.336919523990059
2609,1e-09,9.040797179298572
2609,1e-07,7.680468680363571
2609,1e-05,6.234216083330795
2609,0.001,4.238769880043209
379,1e-09,10.569530282968524
379,1e-07,8.908700784216725
379,1e-05,6.748894035645523
379,0.001,3.9687873022756706
176,1e-09,9.13357637683382
176,1e-07,7.21950079462818
176,1e-05,5.371733509154279
176,0.001,3.4450702232457595
203,1e-09,10.533768818909705
203,1e-07,9.051777369806684
203,1e-05,7.044062146600377
203,0.001,4.370111419388367
696,1e-09,9.418652245463198
696,1e-07,7.895813329725406
696,1e-05,6.162805089758825
696,0.001,3.943903469128711
1421,1e-09,8.93516158599783
1421,1e-07,7.567132403878996
1421,1e-05,5.800513402803782
1421,0.001,3.4508207654591785
2645,1e-09,8.5858543913769
2645,1e-07,7.067655527107946
2645,1e-05,5.430276618159031
2645,0.001,3.53637397972639
2182,1e-09,8.443686594798526
2182,1e-07,6.91040341370765
2182,1e-05,5.489209835132228
2182,0.001,3.6454844950870426
1828,1e-09,7.651151150684875
1828,1e-07,6.2329629096414205
1828,1e-05,4.826118619220122
1828,0.001,3.2254687583359862
3641,1e-09,10.206231769824061
3641,1e-07,8.43240702466531
3641,1e-05,6.368497503258316
3641,0.001,4.436632704618704
2990,1e-09,10.823696183361912
2990,1e-07,8.874402279623496
2990,1e-05,6.786861196083878
2990,0.001,4.182859388367161
1762,1e-09,8.36183893058494
1762,1e-07,6.981785786601294
1762,1e-05,5.495082240277275
1762,0.001,3.327204414378251
549,1e-09,8.737019300175342
549,1e-07,7.389042780238826
549,1e-05,5.528979717429674
549,0.001,3.572682914948469
725,1e-09,9.526582914393689
725,1e-07,7.971974920598221
725,1e-05,5.977054566447737
725,0.001,3.7387791514068307
1814,1e-09,8.468661002278315
1814,1e-07,7.132807722227229
1814,1e-05,5.584920796795529
1814,0.001,3.8339046617207337
3602,1e-09,9.150302992542228
3602,1e-07,7.764434168800924
3602,1e-05,5.849936385235233
3602,0.001,3.4568069186948662
2000,1e-09,8.509494316525824
2000,1e-07,7.06962841157307
2000,1e-05,5.639878146225196
2000,0.001,3.960838894372169
2421,1e-09,7.998326895374469
2421,1e-07,6.643905459318704
2421,1e-05,4.903705835160047
2421,0.001,3.3592812279340216
2593,1e-09,10.502074029860543
2593,1e-07,8.898754383970147
2593,1e-05,6.64122887953476
2593,0.001,3.921022613663896
1530,1e-09,8.28330170013455
1530,1e-07,6.943569108515791
1530,1e-05,5.354655088463481
1530,0.001,3.6045817346210636
945,1e-09,10.586141080957532
945,1e-07,8.571441839290667
945,1e-05,6.564825714481518
945,0.001,4.470918888154961
1897,1e-09,7.854256429639608
1897,1e-07,6.539113323036699
1897,1e-05,4.993462488656615
1897,0.001,2.8532939885215245
258,1e-09,10.06593528511177
258,1e-07,8.45218449677888
258,1e-05,6.58231734117987
258,0.001,4.524297319439859
2677,1e-09,9.595398538125938
2677,1e-07,8.07539519427669
2677,1e-05,6.443825058787653
2677,0.001,4.439621980499545
2093,1e-09,7.54806585100328
2093,1e-07,6.2079922479650484
2093,1e-05,4.919450705825321
2093,0.001,3.5000350364879074
3683,1e-09,7.747342944069609
3683,1e-07,6.659831742362704
3683,1e-05,5.196445340168928
3683,0.001,3.3674908655257134
671,1e-09,9.569536572796391
671,1e-07,7.704323576226071
671,1e-05,6.021415978126567
671,0.001,3.8027471501322814
292,1e-09,10.198619269596422
292,1e-07,8.7284639580165
292,1e-05,6.8267341737465115
292,0.001,4.468129039406955
685,1e-09,8.94181120435975
685,1e-07,7.691258933417546
685,1e-05,6.259683140600183
685,0.001,4.33501273068969
3492,1e-09,9.24961661721274
3492,1e-07,7.521044613208881
3492,1e-05,5.844492291406526
3492,0.001,4.115835920920103
3408,1e-09,9.969235033237558
3408,1e-07,8.519479530926674
3408,1e-05,6.609228474039579
3408,0.001,4.759487422314904
2531,1e-09,8.80626961273986
2531,1e-07,7.322495957185238
2531,1e-05,5.599646196956632
2531,0.001,3.4563769647091536
178,1e-09,9.023012543101306
178,1e-07,7.269875440635989
178,1e-05,5.487789013201562
178,0.001,3.7602331435880743
3318,1e-09,8.447924321611394
3318,1e-07,7.052027577925203
3318,1e-05,5.6346566256557065
3318,0.001,3.7500928786295367
1836,1e-09,8.685361869432562
1836,1e-07,7.25694517917764
1836,1e-05,5.654878603276883
1836,0.001,3.87194653134455
1545,1e-09,9.951501440646116
1545,1e-07,8.2098300608462
1545,1e-05,6.0586189768907355
1545,0.001,3.670200937474652
938,1e-09,7.161711594358817
938,1e-07,5.691752157768353
938,1e-05,4.302450277271544
938,0.001,2.109131337896073
1226,1e-09,8.76736613143801
1226,1e-07,7.1513960544768995
1226,1e-05,5.623233398902274
1226,0.001,3.6950564980415628
573,1e-09,9.872713785844873
573,1e-07,8.023686293428167
573,1e-05,5.914479829377306
573,0.001,3.531122881758435
351,1e-09,10.316099877801085
351,1e-07,8.372981140879672
351,1e-05,6.392429934549198
351,0.001,4.398884799189868
2679,1e-09,10.185122258181309
2679,1e-07,8.702735052291343
2679,1e-05,6.8820573478751825
2679,0.001,4.636856888015624
2084,1e-09,8.995628478273442
2084,1e-07,7.40035954715603
2084,1e-05,5.74516401016908
2084,0.001,4.12098511381042
2340,1e-09,8.812414600389369
2340,1e-07,7.320893716798746
2340,1e-05,5.487109023903793
2340,0.001,3.5366348325232315
62,1e-09,10.175601134535336
62,1e-07,8.773937052255501
62,1e-05,6.840925871555594
62,0.001,4.099368376463611
1642,1e-09,8.289509915263672
1642,1e-07,6.744987464034024
1642,1e-05,5.0416355442316725
1642,0.001,2.7556570854266553
208,1e-09,10.764814197945057
208,1e-07,9.03123355462597
208,1e-05,6.813710829030108
208,0.001,4.508408452285543
3889,1e-09,8.987242617618506
3889,1e-07,7.40616843246969
3889,1e-05,5.4827998594975265
3889,0.001,3.3014617773653496
2797,1e-09,9.102962029464598
2797,1e-07,7.428088911400202
2797,1e-05,5.747766042764701
2797,0.001,3.6948224561923197
2248,1e-09,9.282795018213932
2248,1e-07,7.474446140276426
2248,1e-05,5.764140903170884
2248,0.001,3.627972169177997
1142,1e-09,9.743941061897637
1142,1e-07,8.31457644368364
1142,1e-05,6.438557838812737
1142,0.001,3.8077212431042495
903,1e-09,8.912233292785148
903,1e-07,7.5797763549013615
903,1e-05,6.110526841243346
903,0.001,4.398431026094081
79,1e-09,10.958488797764781
79,1e-07,8.974963614321446
79,1e-05,6.7568383942789945
79,0.001,4.603592939278575
2929,1e-09,9.242071477971841
2929,1e-07,7.5795360085241095
2929,1e-05,5.806525389744302
2929,0.001,3.906022019731763
1362,1e-09,9.144462994790265
1362,1e-07,7.686132858203306
1362,1e-05,6.11344800488225
1362,0.001,4.241419482419746
3207,1e-09,10.713499568669496
3207,1e-07,9.110421701984874
3207,1e-05,7.102939936520843
3207,0.001,4.597525419254239
1788,1e-09,8.490440481426084
1788,1e-07,7.046558232638303
1788,1e-05,5.484670725447788
1788,0.001,3.7614607218560234
182,1e-09,9.933293071513413
182,1e-07,7.81956502285488
182,1e-05,5.716343794820052
182,0.001,3.4181914972407834
503,1e-09,9.555301042118558
503,1e-07,7.779147940864934
503,1e-05,5.822439298418731
503,0.001,3.5316598040852996
2168,1e-09,7.3094490320156265
2168,1e-07,6.288772120680898
2168,1e-05,4.903726618385495
2168,0.001,3.340505551351671
1026,1e-09,9.904287281648832
1026,1e-07,7.929124656425679
1026,1e-05,5.904798015236646
1026,0.001,3.5846635766486985
917,1e-09,7.833841618659133
917,1e-07,6.43032154065478
917,1e-05,4.848192233866809
917,0.001,3.234125968725895
2923,1e-09,9.646633853624932
2923,1e-07,8.106968306430126
2923,1e-05,6.4604714920984625
2923,0.001,4.516146760241555
1456,1e-09,9.79051378195421
1456,1e-07,8.08124813823215
1456,1e-05,6.2525811456430285
1456,0.001,4.312193142080499
20,1e-09,10.651005051351932
20,1e-07,9.011925234692297
20,1e-05,7.058118135451919
20,0.001,4.488158815248795
3137,1e-09,9.88488066272582
3137,1e-07,8.51030279411281
3137,1e-05,6.929302762093628
3137,0.001,4.7326196049864215
3238,1e-09,9.198142767989447
3238,1e-07,7.584442888284911
3238,1e-05,5.843949743591678
3238,0.001,3.628388655144313
139,1e-09,10.766078048978875
139,1e-07,9.08687440532716
139,1e-05,7.300157432869224
139,0.001,4.9141611206266305
136,1e-09,10.701469209354563
136,1e-07,8.99660884590396
136,1e-05,6.699485584257048
136,0.001,4.154825880060522
3739,1e-09,8.162523978740426
3739,1e-07,6.9363231319943495
3739,1e-05,5.506030989754056
3739,0.001,3.467230992221651
1195,1e-09,9.984358992149328
1195,1e-07,8.409858677489968
1195,1e-05,6.286427589405587
1195,0.001,3.749045961984646
3561,1e-09,9.823507857824428
3561,1e-07,8.123876940744992
3561,1e-05,6.162531970143526
3561,0.001,4.098651472360499
3255,1e-09,8.784325350591825
3255,1e-07,7.199742260662049
3255,1e-05,5.400814473121301
3255,0.001,3.576386578630583
436,1e-09,10.333820197304505
436,1e-07,8.555985330765965
436,1e-05,6.493933139262393
436,0.001,4.050845293055376
1433,1e-09,9.579392257391442
1433,1e-07,8.30397014203499
1433,1e-05,6.5165061765276935
1433,0.001,4.317210346407968
3016,1e-09,10.760425490408355
3016,1e-07,9.0058767457227
3016,1e-05,6.833852862476324
3016,0.001,4.235028924969075
72,1e-09,10.210671546246832
72,1e-07,8.631558741548453
72,1e-05,6.742537632496661
72,0.001,4.297109756115917
529,1e-09,10.560654350800496
529,1e-07,8.907235092117697
529,1e-05,7.0956174534989644
529,0.001,4.847981885206006
3784,1e-09,8.48301088881081
3784,1e-07,6.80973157480549
3784,1e-05,5.155591846657092
3784,0.001,3.457939452558344
3085,1e-09,10.951949915802237
3085,1e-07,9.101558062113018
3085,1e-05,6.954728471234285
3085,0.001,4.735607910333728
1413,1e-09,10.587542345455338
1413,1e-07,8.66737592751754
1413,1e-05,6.707598725491317
1413,0.001,4.171424995197627
3839,1e-09,9.06350035183857
3839,1e-07,7.532442478066442
3839,1e-05,5.844061220095871
3839,0.001,3.9678727005258976
3796,1e-09,7.945807700356149
3796,1e-07,6.579111045364766
3796,1e-05,5.033570268798019
3796,0.001,3.299532706827694
2937,1e-09,10.151638249345714
2937,1e-07,8.508280947787362
2937,1e-05,6.8248312880257265
2937,0.001,4.675859085308749
509,1e-09,9.337113344392188
509,1e-07,7.653909122763286
509,1e-05,5.826976883066349
509,0.001,3.7975571786596825
2113,1e-09,8.490687534910515
2113,1e-07,7.23088418746326
2113,1e-05,6.008006977229739
2113,0.001,4.474239860472574
2046,1e-09,8.217195582406784
2046,1e-07,6.914222431910954
2046,1e-05,5.637966407754428
2046,0.001,4.032203776361863
1209,1e-09,9.42060029756887
1209,1e-07,7.655759181414863
1209,1e-05,5.692485055731708
1209,0.001,3.093111586435717
1996,1e-09,10.470745249005212
1996,1e-07,8.679928625455755
1996,1e-05,6.580911249246175
1996,0.001,4.382657100294283
3404,1e-09,9.38158562432173
3404,1e-07,7.615804648213666
3404,1e-05,5.993821167911714
3404,0.001,4.106903167852961
600,1e-09,9.103891391419465
600,1e-07,7.4741387990878785
600,1e-05,5.627746374492462
600,0.001,3.7186479144854783
902,1e-09,10.163277414512152
902,1e-07,8.575047581725096
902,1e-05,6.836553503212179
902,0.001,4.456587300272503
1066,1e-09,8.24551746710032
1066,1e-07,6.751680591557019
1066,1e-05,5.135740680379358
1066,0.001,2.90002398923316
915,1e-09,10.702525656159844
915,1e-07,9.068062547336114
915,1e-05,6.945073389287024
915,0.001,4.50016153126943
810,1e-09,9.03056506649189
810,1e-07,7.469119734638261
810,1e-05,5.85909194844134
810,0.001,4.050232445082352
2720,1e-09,9.685534385543793
2720,1e-07,8.3680908363353
2720,1e-05,6.70897954790211
2720,0.001,4.454086858988249
1331,1e-09,9.483386606337774
1331,1e-07,8.186276361566401
1331,1e-05,6.583400524686103
1331,0.001,4.213425744049555
1478,1e-09,8.04362582771698
1478,1e-07,6.524570525874923
1478,1e-05,5.2138380579890935
1478,0.001,3.479025671963551
1681,1e-09,8.72128296056861
1681,1e-07,6.99716010651749
1681,1e-05,5.3848195623149575
1681,0.001,3.4844089462725494
215,1e-09,10.70677551994526
215,1e-07,9.021512460532627
215,1e-05,7.076886457085415
215,0.001,4.581891677301238
3042,1e-09,9.535867052914137
3042,1e-07,8.068988997702759
3042,1e-05,6.520202600607115
3042,0.001,4.306099040975659
2379,1e-09,8.451227073541597
2379,1e-07,7.227747104915113
2379,1e-05,5.836243607693081
2379,0.001,3.861447841778135
2018,1e-09,9.103138064486028
2018,1e-07,7.8274821892898006
2018,1e-05,6.091199310441776
2018,0.001,4.009465079619077
1023,1e-09,9.978618060622011
1023,1e-07,8.097752996588177
1023,1e-05,5.93568422492376
1023,0.001,3.6014976187090486
1669,1e-09,7.855089478725367
1669,1e-07,6.402715497007235
1669,1e-05,5.0257227624917595
1669,0.001,3.5428877820966327
1811,1e-09,8.000343056315401
1811,1e-07,6.871189996818168
1811,1e-05,5.349233020616118
1811,0.001,3.680856271821878
434,1e-09,10.461791500392764
434,1e-07,8.869086774867334
434,1e-05,6.9851928129772665
434,0.001,4.661171783490733
1493,1e-09,9.762332681725084
1493,1e-07,8.116514294421263
1493,1e-05,6.34565969167907
1493,0.001,4.598987293625742
1670,1e-09,7.55253252826388
1670,1e-07,6.15733089591062
1670,1e-05,4.770978766819858
1670,0.001,3.1150338560358874
830,1e-09,7.97487264533854
830,1e-07,6.47207954742597
830,1e-05,5.033716489141074
830,0.001,3.558163622772978
1468,1e-09,7.84996192274146
1468,1e-07,6.51889662440615
1468,1e-05,4.827560555456895
1468,0.001,3.337014351866057
1894,1e-09,8.203098742560236
1894,1e-07,6.797198102011686
1894,1e-05,5.215438116062318
1894,0.001,3.585596238241616
3475,1e-09,9.413729788283401
3475,1e-07,7.7256073369128115
3475,1e-05,5.952528099310386
3475,0.001,3.9480550816401108
1574,1e-09,8.714741521735215
1574,1e-07,7.309265743052711
1574,1e-05,5.729240390745626
1574,0.001,4.086428765439341
1780,1e-09,7.451576625380131
1780,1e-07,6.161237617278541
1780,1e-05,4.936159711083429
1780,0.001,3.454855546099888
2625,1e-09,7.053217996905277
2625,1e-07,5.813035111482742
2625,1e-05,4.455061535294668
2625,0.001,2.9599761005671072
3377,1e-09,8.591604015856626
3377,1e-07,7.2189557471563806
3377,1e-05,5.8369730121500325
3377,0.001,3.9643062614770725
949,1e-09,9.863520293991122
949,1e-07,8.010244983637667
949,1e-05,6.352652360375454
949,0.001,4.047562903277034
3436,1e-09,9.391207794507316
3436,1e-07,7.970004351994091
3436,1e-05,6.151838420677299
3436,0.001,3.9159799704462404
3722,1e-09,6.8663242374075315
3722,1e-07,5.73962569009974
3722,1e-05,4.546859421387563
3722,0.001,3.1003881474117017
3041,1e-09,9.93353081388183
3041,1e-07,8.191860759871748
3041,1e-05,6.172084684138482
3041,0.001,3.7145582658026153
3205,1e-09,10.210148815797748
3205,1e-07,8.445664284070212
3205,1e-05,6.605245929120469
3205,0.001,4.213839344595606
2352,1e-09,8.610202658498933
2352,1e-07,7.069995744440105
2352,1e-05,5.383161857217563
2352,0.001,3.4641168113127847
127,1e-09,10.660709965531032
127,1e-07,9.003453439302056
127,1e-05,6.4792184760346325
127,0.001,4.068123721311355
395,1e-09,10.367627780341662
395,1e-07,8.436761395390707
395,1e-05,6.361718032782343
395,0.001,3.9104285059379027
3306,1e-09,10.519883241102635
3306,1e-07,9.080739034020707
3306,1e-05,7.185727939245326
3306,0.001,5.033803434598377
3691,1e-09,8.753393875483207
3691,1e-07,7.317988277695863
3691,1e-05,5.732719849323997
3691,0.001,3.804867581024381
3454,1e-09,8.627360367626466
3454,1e-07,7.303631759360046
3454,1e-05,5.876168108057789
3454,0.001,4.145719336102646
1253,1e-09,9.718999629232261
1253,1e-07,8.188761371266478
1253,1e-05,6.382835899260474
1253,0.001,4.037652510307155
1782,1e-09,7.012431748253877
1782,1e-07,5.775025503112277
1782,1e-05,4.4433462842614055
1782,0.001,2.8333302617644742
1538,1e-09,7.406543220164998
1538,1e-07,6.164916434459849
1538,1e-05,4.703856807448601
1538,0.001,3.142300537160878
1360,1e-09,8.570762863265545
1360,1e-07,6.957268288881611
1360,1e-05,5.282348164138782
1360,0.001,3.490908570936819
1128,1e-09,8.294825125814555
1128,1e-07,7.091601596322183
1128,1e-05,5.445015247972709
1128,0.001,3.812393293059189
3249,1e-09,8.9983505668239
3249,1e-07,7.409756009479995
3249,1e-05,5.5148392782548585
3249,0.001,3.777792731910191
892,1e-09,9.571581702455262
892,1e-07,8.118035061906022
892,1e-05,6.051416601135459
892,0.001,3.9753447723082487
3669,1e-09,9.480551437249375
3669,1e-07,7.69654353986709
3669,1e-05,5.5364510595993535
3669,0.001,3.359540170532455
2666,1e-09,8.259770042505387
2666,1e-07,6.805359553490157
2666,1e-05,5.134411735350557
2666,0.001,3.1673264599489874
1353,1e-09,9.745485242935597
1353,1e-07,8.018697607809113
1353,1e-05,6.103068574091166
1353,0.001,4.1043774059180675
3031,1e-09,9.838097928236813
3031,1e-07,8.361139814847759
3031,1e-05,6.630619856421374
3031,0.001,4.581390621072632
2067,1e-09,7.515004046203449
2067,1e-07,6.128532223973872
2067,1e-05,4.728280127905022
2067,0.001,3.2147183517548203
1221,1e-09,9.807382853881315
1221,1e-07,8.310456591288785
1221,1e-05,6.797145392751825
1221,0.001,4.82683717677604
61,1e-09,9.399276257291833
61,1e-07,7.023656253588889
61,1e-05,5.117516782216703
61,0.001,3.366469346413384
3489,1e-09,8.90761839633935
3489,1e-07,7.626100105363634
3489,1e-05,6.149749804717765
3489,0.001,3.833540863736299
1588,1e-09,8.473315286573543
1588,1e-07,7.220655370471658
1588,1e-05,5.856429137447218
1588,0.001,4.083247724626286
1300,1e-09,10.526855367490068
1300,1e-07,8.737444530570778
1300,1e-05,6.6912133000696175
1300,0.001,4.175135134942531
2815,1e-09,8.969585383269786
2815,1e-07,7.3128864634861115
2815,1e-05,5.590417355247739
2815,0.001,3.2510228623336666
385,1e-09,10.02949395580921
385,1e-07,8.384080848316573
385,1e-05,6.384850918536497
385,0.001,3.9484209147415674
2145,1e-09,9.319713529029745
2145,1e-07,7.766257248618558
2145,1e-05,6.046472401652572
2145,0.001,3.9729416480129114
1312,1e-09,8.60070629849753
1312,1e-07,7.065325227774941
1312,1e-05,5.444133928497215
1312,0.001,3.800210336608944
2149,1e-09,8.317661903140998
2149,1e-07,6.849201562084764
2149,1e-05,5.1569945383819675
2149,0.001,3.3957175946415368
3650,1e-09,10.297214331540278
3650,1e-07,8.51846562326382
3650,1e-05,6.544507152590181
3650,0.001,4.205119361971179
2214,1e-09,8.841747341280128
2214,1e-07,7.210898800453749
2214,1e-05,5.653820974191519
2214,0.001,3.9473172588718675
3188,1e-09,9.179568069307576
3188,1e-07,7.72931393565275
3188,1e-05,6.318172374212322
3188,0.001,4.6741432294613485
726,1e-09,9.253893744568177
726,1e-07,7.58728378286878
726,1e-05,5.719980524925347
726,0.001,3.9063898587330845
1667,1e-09,8.615001860473772
1667,1e-07,7.416006163602195
1667,1e-05,6.0837110817057045
1667,0.001,4.3947750012166615
2493,1e-09,7.994194425371654
2493,1e-07,6.792989939836939
2493,1e-05,5.493683086351097
2493,0.001,3.916724790366869
2013,1e-09,9.03413175747673
2013,1e-07,7.46739567175189
2013,1e-05,5.953602648655732
2013,0.001,4.251642496279141
161,1e-09,10.800991836411907
161,1e-07,8.788971134914378
161,1e-05,6.698755573199469
161,0.001,4.3932081384873465
2649,1e-09,9.131509810542429
2649,1e-07,7.762254124211834
2649,1e-05,6.044929965682478
2649,0.001,3.7066608119336837
493,1e-09,10.656529601209577
493,1e-07,8.547162249144606
493,1e-05,6.40072861287784
493,0.001,3.947838651346191
2969,1e-09,9.646298723097713
2969,1e-07,7.959285654233105
2969,1e-05,6.262841400682552
2969,0.001,4.501601427318322
201,1e-09,10.671691061569042
201,1e-07,9.066555174692587
201,1e-05,7.146232495061618
201,0.001,4.344447207952982
3798,1e-09,10.844569089798895
3798,1e-07,9.169222279053818
3798,1e-05,7.286072261506453
3798,0.001,4.805954457756437
928,1e-09,9.020460369551667
928,1e-07,7.466783005406405
928,1e-05,5.776185654313081
928,0.001,3.9066977254912194
937,1e-09,7.689650147777253
937,1e-07,6.21196786259117
937,1e-05,4.650645013184514
937,0.001,2.874276139563325
40,1e-09,9.385045008757794
40,1e-07,7.903599747159479
40,1e-05,6.350112455487393
40,0.001,4.290771382450717
2702,1e-09,7.575187469704585
2702,1e-07,6.462984094523616
2702,1e-05,5.018767654798193
2702,0.001,3.237971082943476
114,1e-09,9.317745596682153
114,1e-07,7.692670069091187
114,1e-05,5.851541959157814
114,0.001,3.455078387035396
797,1e-09,10.64036698953234
797,1e-07,9.091636389836934
797,1e-05,6.889955273293992
797,0.001,4.4001435347580795
1849,1e-09,8.08547093699532
1849,1e-07,6.714507399363734
1849,1e-05,5.179578095727124
1849,0.001,3.221390192759946
2813,1e-09,7.1496391070526855
2813,1e-07,5.8468149074289775
2813,1e-05,4.563433747662159
2813,0.001,3.0986429149788997
402,1e-09,10.702943906032207
402,1e-07,8.732906601126247
402,1e-05,6.387570770700491
402,0.001,4.4525394309548245
2639,1e-09,9.426079053611538
2639,1e-07,7.682475753106975
2639,1e-05,5.732005066976275
2639,0.001,3.701303101460268
922,1e-09,10.138760745812288
922,1e-07,8.56714281417679
922,1e-05,6.746153816441392
922,0.001,4.203209257345355
3,1e-09,10.98235922998753
3,1e-07,9.370848558234467
3,1e-05,7.3638678780424325
3,0.001,4.722721036950681
981,1e-09,7.522553902541149
981,1e-07,6.211020479388402
981,1e-05,4.900177190949291
981,0.001,3.4622310746012293
3743,1e-09,9.726927490210722
3743,1e-07,7.78586581966261
3743,1e-05,6.10849707002184
3743,0.001,4.328138190293622
1398,1e-09,9.358968262180595
1398,1e-07,7.611309711425041
1398,1e-05,5.9679211707557265
1398,0.001,4.2096487462495
3136,1e-09,9.717142497878175
3136,1e-07,8.295795357196306
3136,1e-05,6.477690416405028
3136,0.001,4.248477703893046
3714,1e-09,9.108199218789675
3714,1e-07,7.6097481450163915
3714,1e-05,5.922265576304448
3714,0.001,4.00771084924114
1926,1e-09,7.95256995709482
1926,1e-07,6.483602212899601
1926,1e-05,4.987736596715232
1926,0.001,3.365396385320281
2549,1e-09,8.11354271232312
2549,1e-07,6.784299181158508
2549,1e-05,5.408037363347589
2549,0.001,3.807786342969231
400,1e-09,11.269531088949343
400,1e-07,9.444541810901534
400,1e-05,7.240784558466216
400,0.001,4.706655891201087
517,1e-09,8.869235062258863
517,1e-07,7.126462458583725
517,1e-05,5.500098102630172
517,0.001,3.8406393758771116
1119,1e-09,9.02851824134629
1119,1e-07,7.568557237931877
1119,1e-05,5.764708724212394
1119,0.001,3.7719557791283633
3058,1e-09,9.841909542932813
3058,1e-07,8.129258055984684
3058,1e-05,6.476251930455534
3058,0.001,4.5076302293915385
3621,1e-09,9.403215845479274
3621,1e-07,7.832143025472487
3621,1e-05,6.0244488236830245
3621,0.001,3.917239941987791
1479,1e-09,8.052382527494524
1479,1e-07,6.6095185661162645
1479,1e-05,5.066730329612695
1479,0.001,3.435774325887196
3768,1e-09,8.572112842879998
3768,1e-07,7.09315682282187
3768,1e-05,5.539338292446874
3768,0.001,3.7114171812426924
1719,1e-09,9.052826662407341
1719,1e-07,7.564171821033581
1719,1e-05,5.97940327726571
1719,0.001,3.979123127763364
416,1e-09,9.772495944983337
416,1e-07,8.094653201928633
416,1e-05,6.030045361367187
416,0.001,3.925726792859621
1506,1e-09,8.392384628833364
1506,1e-07,6.973816632703972
1506,1e-05,5.48348556943114
1506,0.001,3.6242312611975778
2109,1e-09,6.99513192721384
2109,1e-07,5.735189756106003
2109,1e-05,4.486889225658667
2109,0.001,3.0327776276083505
3749,1e-09,9.911022587510342
3749,1e-07,8.410259928634236
3749,1e-05,6.654232395178705
3749,0.001,4.37862687074484
2199,1e-09,8.496474706576837
2199,1e-07,7.168818450571117
2199,1e-05,5.713316135458583
2199,0.001,4.108396606790669
2728,1e-09,10.09031080303664
2728,1e-07,8.404330483940274
2728,1e-05,6.303327327399707
2728,0.001,4.478696024077743
707,1e-09,9.458955970009423
707,1e-07,7.41961969703668
707,1e-05,5.429121405088788
707,0.001,3.424707317663478
523,1e-09,10.057703618551585
523,1e-07,8.208154315012434
523,1e-05,6.1368126146778765
523,0.001,3.7845145546574224
3315,1e-09,9.646517104930188
3315,1e-07,8.18662058019308
3315,1e-05,6.513732311097874
3315,0.001,4.068992934840717
3864,1e-09,10.144304912940997
3864,1e-07,8.257753277177521
3864,1e-05,6.257030726166133
3864,0.001,3.9908397964940896
490,1e-09,10.85578935124122
490,1e-07,8.763053839496102
490,1e-05,6.667417821084211
490,0.001,4.406026361342952
3232,1e-09,8.834142695581836
3232,1e-07,6.99991328858969
3232,1e-05,5.484568295846809
3232,0.001,3.766723002214773
3339,1e-09,9.446513620079797
3339,1e-07,7.847806890263992
3339,1e-05,6.047117812109837
3339,0.001,4.298730986426844
1068,1e-09,9.836290239281363
1068,1e-07,8.469449664947662
1068,1e-05,6.675554598366485
1068,0.001,4.4764864004537595
1552,1e-09,9.656277212316379
1552,1e-07,8.30653482456354
1552,1e-05,6.6790662566861405
1552,0.001,4.4184626224059755
224,1e-09,9.968577885690863
224,1e-07,8.308286806164478
224,1e-05,6.533375407204139
224,0.001,4.116264340883564
1664,1e-09,7.822786449959477
1664,1e-07,6.771646864948743
1664,1e-05,5.481638059671905
1664,0.001,3.435677347201373
3243,1e-09,8.592434759176069
3243,1e-07,7.111577501915701
3243,1e-05,5.604579505110105
3243,0.001,3.906214045043575
1447,1e-09,8.47192995022873
1447,1e-07,6.894488698251079
1447,1e-05,5.2305116040697115
1447,0.001,2.9579645657137594
1416,1e-09,9.75873300240399
1416,1e-07,7.890715411737728
1416,1e-05,5.879623834342855
1416,0.001,3.666707292242987
1928,1e-09,7.954800344374258
1928,1e-07,6.666121501597242
1928,1e-05,5.110329232581023
1928,0.001,3.1409721724941604
367,1e-09,10.554831437956581
367,1e-07,8.800250829193262
367,1e-05,6.998798238432217
367,0.001,4.80454208867961
150,1e-09,10.523788310085104
150,1e-07,9.065809654922996
150,1e-05,7.095186257570332
150,0.001,4.850874097357238
2477,1e-09,8.96881890061184
2477,1e-07,7.639041893110178
2477,1e-05,5.971559045470477
2477,0.001,3.659588938712612
754,1e-09,9.96476054253312
754,1e-07,8.040312200029604
754,1e-05,6.161264228427212
754,0.001,3.9497945510521757
1224,1e-09,10.195942711005133
1224,1e-07,8.475932402383455
1224,1e-05,6.260344355279547
1224,0.001,3.9973150311698955
3316,1e-09,9.947358669033264
3316,1e-07,8.534786784879245
3316,1e-05,6.86405669981174
3316,0.001,4.535782990202543
2633,1e-09,9.107030017177461
2633,1e-07,7.384989453350279
2633,1e-05,5.315909431461002
2633,0.001,3.7397858300624054
779,1e-09,8.99451452870541
779,1e-07,7.1828328639651735
779,1e-05,5.141646783854055
779,0.001,3.1240884790172108
3401,1e-09,9.775900909781415
3401,1e-07,8.501450247105469
3401,1e-05,6.973632590403333
3401,0.001,4.791843422367807
3738,1e-09,8.558661982342059
3738,1e-07,7.057313982215602
3738,1e-05,5.5406528497110985
3738,0.001,3.765556231699228
3274,1e-09,8.94727292821655
3274,1e-07,7.427894995671442
3274,1e-05,6.0221602125884335
3274,0.001,4.1036560492144885
253,1e-09,10.521867745545887
253,1e-07,8.650510114150656
253,1e-05,6.416466210890071
253,0.001,4.21682922944747
241,1e-09,10.941467857870812
241,1e-07,9.110362461715413
241,1e-05,7.0792640755346365
241,0.001,4.459716652398139
1250,1e-09,9.947102876041797
1250,1e-07,8.479065042030388
1250,1e-05,6.753727331610122
1250,0.001,4.369770446107786
235,1e-09,10.794207914298191
235,1e-07,9.247849213906568
235,1e-05,6.9154552126349165
235,0.001,4.672180172449434
3851,1e-09,8.43250590150677
3851,1e-07,6.729752331246368
3851,1e-05,5.217338516437793
3851,0.001,3.661790370451406
3173,1e-09,10.622044576090907
3173,1e-07,9.044858948780128
3173,1e-05,6.989763946039264
3173,0.001,4.488198160478467
2623,1e-09,9.399759592799692
2623,1e-07,7.908197212094081
2623,1e-05,6.3483189835604605
2623,0.001,4.245960028109972
2459,1e-09,9.666052803868029
2459,1e-07,7.966644224149535
2459,1e-05,6.174048963323193
2459,0.001,4.260277682857265
3840,1e-09,7.9611309263932
3840,1e-07,6.63681202477044
3840,1e-05,5.2152680835852285
3840,0.001,3.658389976508878
3730,1e-09,9.55902583416746
3730,1e-07,7.842726275132333
3730,1e-05,6.014023544161053
3730,0.001,3.814124722074594
531,1e-09,10.127472832171685
531,1e-07,8.211006562499493
531,1e-05,6.151587776002231
531,0.001,4.031861484296731
537,1e-09,7.858035445176123
537,1e-07,6.4687952866482625
537,1e-05,5.105608200901987
537,0.001,3.3656252378921927
3006,1e-09,7.884649660772688
3006,1e-07,6.556462027016554
3006,1e-05,4.923577931576995
3006,0.001,3.3763119354128306
1270,1e-09,9.896390793432419
1270,1e-07,8.228137397775145
1270,1e-05,6.525616900235748
1270,0.001,4.754629399434444
1932,1e-09,9.213656454687072
1932,1e-07,8.030428607912471
1932,1e-05,6.521738107012176
1932,0.001,4.481404144972068
1083,1e-09,8.15083422322498
1083,1e-07,6.806408678937759
1083,1e-05,5.24956144361123
1083,0.001,3.556295180364868
162,1e-09,10.313257949699793
162,1e-07,8.649616961912272
162,1e-05,6.552143528165704
162,0.001,4.299347672790326
2342,1e-09,8.082228296008358
2342,1e-07,6.811275178306352
2342,1e-05,5.536143566883002
2342,0.001,3.8114015965113186
1210,1e-09,9.061955730378347
1210,1e-07,7.77199082715196
1210,1e-05,5.877488503639051
1210,0.001,4.061750297423599
2081,1e-09,9.309294794845721
2081,1e-07,7.695213265532368
2081,1e-05,5.975730187515959
2081,0.001,4.1346154974371405
2886,1e-09,8.362847933650562
2886,1e-07,6.881319831504163
2886,1e-05,5.271905488933843
2886,0.001,3.6868165704091913
772,1e-09,9.538478597983673
772,1e-07,7.888540721995086
772,1e-05,6.012234358781227
772,0.001,3.567972853999555
906,1e-09,10.300280954063075
906,1e-07,8.636587383239949
906,1e-05,6.595520704494197
906,0.001,4.1334489746952885
1381,1e-09,11.048066698830201
1381,1e-07,9.289924586449679
1381,1e-05,7.02218549765219
1381,0.001,4.716873987151164
2816,1e-09,7.184522691118798
2816,1e-07,6.0153743899556575
2816,1e-05,4.795261024981045
2816,0.001,3.075468417724376
2746,1e-09,9.88895033328747
2746,1e-07,8.11245141582274
2746,1e-05,6.21020288769289
2746,0.001,4.1719629167965735
1391,1e-09,8.059970280931836
1391,1e-07,6.652927664467397
1391,1e-05,4.998756705906517
1391,0.001,3.258242589560775
1001,1e-09,9.630921110883572
1001,1e-07,8.043502453263311
1001,1e-05,6.0843416024610795
1001,0.001,3.4087897860906593
116,1e-09,10.72415849067958
116,1e-07,8.811623659870044
116,1e-05,6.7006747845375765
116,0.001,3.9806633566904
3494,1e-09,10.820914139343204
3494,1e-07,9.10751891887275
3494,1e-05,7.085264431987318
3494,0.001,4.663935497999809
3426,1e-09,8.627883391170775
3426,1e-07,6.81779083783833
3426,1e-05,5.078734692711351
3426,0.001,3.444527450240174
1405,1e-09,10.188551391621376
1405,1e-07,8.874720420792164
1405,1e-05,7.049194490467722
1405,0.001,4.42504441723954
2468,1e-09,9.185081093647714
2468,1e-07,7.719068157759651
2468,1e-05,6.055540764441538
2468,0.001,3.814035528146515
744,1e-09,9.087896085109886
744,1e-07,7.389211989993019
744,1e-05,5.487003900588996
744,0.001,3.6098337878216467
1462,1e-09,9.600735655385224
1462,1e-07,7.879575435346438
1462,1e-05,5.90050650329822
1462,0.001,3.63669440085129
3389,1e-09,9.210484317776512
3389,1e-07,7.215324372757596
3389,1e-05,5.686219590492425
3389,0.001,3.9716873552082554
1767,1e-09,8.576529575373284
1767,1e-07,7.171085454137017
1767,1e-05,5.682352562472119
1767,0.001,3.876573081141746
3805,1e-09,8.571212154642275
3805,1e-07,7.041117137860796
3805,1e-05,5.434173585698445
3805,0.001,3.673974275887908
2186,1e-09,8.949279207324487
2186,1e-07,7.445008920660865
2186,1e-05,5.856944267209288
2186,0.001,4.0129143171164126
2309,1e-09,7.565049742465956
2309,1e-07,6.143223840119404
2309,1e-05,4.681190506491956
2309,0.001,3.1639035278150036
2881,1e-09,8.156693000926019
2881,1e-07,6.90171203805719
2881,1e-05,5.252578372553622
2881,0.001,3.4708188131706863
2963,1e-09,8.218373111921068
2963,1e-07,6.79612338529301
2963,1e-05,5.340159384904619
2963,0.001,3.59642522979459
3783,1e-09,10.809725707133653
3783,1e-07,9.229216112220811
3783,1e-05,7.170959197098422
3783,0.001,4.7764434756138465
52,1e-09,9.836669913197218
52,1e-07,8.07972949500486
52,1e-05,6.150373183518691
52,0.001,3.922038206612708
3263,1e-09,7.933214611511816
3263,1e-07,6.3733472542638285
3263,1e-05,4.9938705635923695
3263,0.001,3.474945650989006
2877,1e-09,9.045298280122905
2877,1e-07,7.724218290052036
2877,1e-05,6.129778087872165
2877,0.001,4.060046387097622
995,1e-09,10.68272751291466
995,1e-07,8.67409988672604
995,1e-05,6.654799483354526
995,0.001,4.576003140606068
1882,1e-09,7.7863735599381565
1882,1e-07,6.586127328378695
1882,1e-05,5.163053750236395
1882,0.001,3.0269845785575926
904,1e-09,9.049094769766835
904,1e-07,7.596154159147718
904,1e-05,5.6217477645298075
904,0.001,3.529152899406913
1024,1e-09,10.048000827726506
1024,1e-07,8.452888244244729
1024,1e-05,6.756970588879074
1024,0.001,4.3948100297562185
675,1e-09,9.697093560442061
675,1e-07,8.106560306520903
675,1e-05,6.3082316239061615
675,0.001,4.417530112825391
2748,1e-09,8.088019804887262
2748,1e-07,6.851509673196452
2748,1e-05,5.321483668179583
2748,0.001,3.7503511221171157
3145,1e-09,10.97521976175139
3145,1e-07,9.286769058925989
3145,1e-05,7.061307218806553
3145,0.001,4.531475568542761
409,1e-09,10.045722396411962
409,1e-07,8.22168824530145
409,1e-05,5.954655227881675
409,0.001,3.6262994284227816
2712,1e-09,7.991862375758775
2712,1e-07,6.590959367779488
2712,1e-05,5.225204732024914
2712,0.001,3.4934902444740725
1965,1e-09,9.079763266089481
1965,1e-07,7.502906850528161
1965,1e-05,5.6082764017866245
1965,0.001,3.793329172158283
1252,1e-09,9.85934718295603
1252,1e-07,8.286197230357697
1252,1e-05,6.71527591508912
1252,0.001,4.438758115345971
3719,1e-09,9.92338849885892
3719,1e-07,8.317553689042823
3719,1e-05,6.5345539179004195
3719,0.001,4.5707986760777315
2460,1e-09,7.957055378353795
2460,1e-07,6.708379649807718
2460,1e-05,5.103176542567774
2460,0.001,3.4336672415554625
1550,1e-09,8.663997700154225
1550,1e-07,7.215334772298414
1550,1e-05,5.464741381249989
1550,0.001,3.9358315533935695
2725,1e-09,9.91311678549715
2725,1e-07,8.198601620866954
2725,1e-05,6.707852198542083
2725,0.001,4.632169209018364
3102,1e-09,10.467337482015635
3102,1e-07,9.110854113297965
3102,1e-05,7.367010528773207
3102,0.001,4.994382578927665
3711,1e-09,8.757964581314207
3711,1e-07,7.335716948372764
3711,1e-05,5.773497055037782
3711,0.001,3.6618142049624973
3847,1e-09,10.401887257009278
3847,1e-07,8.553660713161218
3847,1e-05,6.443415063645048
3847,0.001,4.185022957521216
1132,1e-09,8.15016523015696
1132,1e-07,6.923235375555567
1132,1e-05,5.530521012852705
1132,0.001,3.884887348741625
1401,1e-09,9.356217350139488
1401,1e-07,7.811145825141771
1401,1e-05,6.053979735403313
1401,0.001,3.5936840546520785
3596,1e-09,9.669958567344107
3596,1e-07,8.147610092474308
3596,1e-05,6.220186363323893
3596,0.001,3.974781517820837
1193,1e-09,10.10034361421028
1193,1e-07,8.605658499493435
1193,1e-05,6.862038098288918
1193,0.001,4.515435089505912
655,1e-09,9.93043987617599
655,1e-07,7.9800768496204935
655,1e-05,6.170524525196487
655,0.001,4.353859945256946
1287,1e-09,8.815913643550498
1287,1e-07,7.130450290885081
1287,1e-05,5.574416133110885
1287,0.001,3.84414349674982
3452,1e-09,8.325060925530382
3452,1e-07,6.80660069212662
3452,1e-05,5.161537796997717
3452,0.001,3.4199540314051453
3615,1e-09,10.540101254747883
3615,1e-07,8.957335376817992
3615,1e-05,6.9725430788324285
3615,0.001,4.543590595485767
2251,1e-09,7.572160995339367
2251,1e-07,6.420262279930514
2251,1e-05,5.089515152392088
2251,0.001,3.5170417689858997
1749,1e-09,7.602508856544931
1749,1e-07,6.088596281019316
1749,1e-05,4.8156781737136445
1749,0.001,3.438017329895065
1272,1e-09,10.51806951574555
1272,1e-07,9.057333811934605
1272,1e-05,7.410414945216641
1272,0.001,4.779881920677863
1045,1e-09,10.339948946483899
1045,1e-07,8.672871514285475
1045,1e-05,6.823139790785127
1045,0.001,4.485220589527736
270,1e-09,11.019270149433368
270,1e-07,8.862775099657323
270,1e-05,6.694641382575986
270,0.001,4.245421481217445
1629,1e-09,7.367805010671459
1629,1e-07,5.90433340719013
1629,1e-05,4.4689986937068795
1629,0.001,3.1178237596289273
1892,1e-09,8.40040737712781
1892,1e-07,6.862610480520506
1892,1e-05,5.19793068412317
1892,0.001,3.5080889977304266
1831,1e-09,8.008790463416528
1831,1e-07,6.79060783145186
1831,1e-05,5.103672652565401
1831,0.001,3.4916747812914646
993,1e-09,10.361283613103803
993,1e-07,8.592303834348616
993,1e-05,6.281758309320432
993,0.001,4.019036876192703
174,1e-09,10.489142526015439
174,1e-07,8.77439327550023
174,1e-05,6.637688944580777
174,0.001,4.222733125035381
1804,1e-09,7.788335125106084
1804,1e-07,6.626472527553741
1804,1e-05,5.469703628252783
1804,0.001,3.926668137508216
1775,1e-09,8.79614845726812
1775,1e-07,7.463744722772988
1775,1e-05,5.932634652723577
1775,0.001,3.4073621174487654
1133,1e-09,9.92878080251995
1133,1e-07,8.389879756753462
1133,1e-05,6.360367948682656
1133,0.001,4.556418989746427
2857,1e-09,8.808608909059478
2857,1e-07,7.3702292948048695
2857,1e-05,5.670584772491086
2857,0.001,3.8953189691711474
2799,1e-09,8.315222399764536
2799,1e-07,6.943845444215115
2799,1e-05,5.533083746564339
2799,0.001,3.9039228223932882
104,1e-09,9.894110727856674
104,1e-07,7.939780464281542
104,1e-05,5.779636749932061
104,0.001,3.8154198733113676
1311,1e-09,9.336892021040695
1311,1e-07,8.251349691889988
1311,1e-05,6.531183733725656
1311,0.001,4.341546500812849
2533,1e-09,7.862402790224316
2533,1e-07,6.5771270839302955
2533,1e-05,5.267835992256046
2533,0.001,3.7970120766370288
1498,1e-09,7.893539675830921
1498,1e-07,6.387883065192783
1498,1e-05,4.844039158920527
1498,0.001,3.264867185246746
3450,1e-09,9.414126464164543
3450,1e-07,7.9211321632581795
3450,1e-05,6.093284403098409
3450,0.001,3.962317888841665
2614,1e-09,8.394971556952383
2614,1e-07,7.024694297441388
2614,1e-05,5.373949695509154
2614,0.001,2.9463613850216643
3196,1e-09,9.805856283485271
3196,1e-07,7.91573428802492
3196,1e-05,6.140498451156067
3196,0.001,4.105553087327302
2238,1e-09,8.514408803693916
2238,1e-07,6.993382426011145
2238,1e-05,5.466758893340582
2238,0.001,3.74249001000815
2658,1e-09,8.588117710961498
2658,1e-07,7.060179709897526
2658,1e-05,5.413930163878696
2658,0.001,3.8380116135063185
762,1e-09,8.64684023405623
762,1e-07,7.289236602502601
762,1e-05,5.6430525850255036
762,0.001,4.008409655138721
3567,1e-09,9.465986501856957
3567,1e-07,7.623889597136263
3567,1e-05,5.743574196299369
3567,0.001,3.8595579904866155
1126,1e-09,10.52400057835547
1126,1e-07,8.729774748766607
1126,1e-05,6.198082319966951
1126,0.001,3.9712171924746404
2279,1e-09,6.125078116034932
2279,1e-07,5.09483408554344
2279,1e-05,4.005307751441693
2279,0.001,2.8645817352187937
2616,1e-09,8.913748271689187
2616,1e-07,7.5708152177639665
2616,1e-05,5.794049889911625
2616,0.001,4.026691079633078
3740,1e-09,9.128061814466012
3740,1e-07,7.940746314145139
3740,1e-05,6.4243984583918055
3740,0.001,4.042438179579984
2704,1e-09,9.386334018481852
2704,1e-07,8.02694272376944
2704,1e-05,6.525604746968515
2704,0.001,4.5490241498844
2968,1e-09,6.278991108744744
2968,1e-07,5.236231664308999
2968,1e-05,4.082540039975411
2968,0.001,2.6316750543518714
1784,1e-09,8.266053149066426
1784,1e-07,7.053345900915432
1784,1e-05,5.247901242368874
1784,0.001,3.639632879641644
2703,1e-09,10.145298270269206
2703,1e-07,8.2777936602069
2703,1e-05,6.28327226757468
2703,0.001,4.320719639987052
3504,1e-09,8.456620204929862
3504,1e-07,6.684530260905836
3504,1e-05,5.008384300778698
3504,0.001,3.354973200824863
3040,1e-09,7.297119935534898
3040,1e-07,6.135263757463238
3040,1e-05,4.823913555042969
3040,0.001,2.931700451356252
1960,1e-09,8.767412707570767
1960,1e-07,7.273208183205316
1960,1e-05,5.589116947689675
1960,0.001,3.8889243114150434
2494,1e-09,9.40580876955476
2494,1e-07,7.777315694840744
2494,1e-05,6.09823369864292
2494,0.001,4.1356182302952105
756,1e-09,9.476399858056903
756,1e-07,8.12622449079885
756,1e-05,6.688568668748132
756,0.001,4.8876244309543155
1617,1e-09,8.127843513283779
1617,1e-07,6.937884606228665
1617,1e-05,5.757144782552487
1617,0.001,4.122772810780768
3258,1e-09,8.704857026710451
3258,1e-07,7.294867334253779
3258,1e-05,5.766436135660926
3258,0.001,3.8350943425256676
667,1e-09,10.693354462274312
667,1e-07,8.810397446987663
667,1e-05,6.974143813892157
667,0.001,4.669227161588133
1077,1e-09,9.724818499336934
1077,1e-07,8.205678910404071
1077,1e-05,6.4908892553934665
1077,0.001,4.530359941298491
2708,1e-09,7.171939979121633
2708,1e-07,5.788242471502468
2708,1e-05,4.536363529710719
2708,0.001,3.309163778264768
941,1e-09,8.159350744410267
941,1e-07,6.799949315918363
941,1e-05,5.348140351653245
941,0.001,3.582866554286384
2534,1e-09,8.19369946241992
2534,1e-07,6.8463323822091935
2534,1e-05,5.4104724761408844
2534,0.001,3.622449962406622
1584,1e-09,7.010813250891983
1584,1e-07,5.777429995838654
1584,1e-05,4.622943697564394
1584,0.001,3.3437040708745136
3353,1e-09,7.940503774706091
3353,1e-07,6.384721225354556
3353,1e-05,4.864979555928798
3353,0.001,3.2287893589489767
74,1e-09,9.568314454848492
74,1e-07,7.803286612692094
74,1e-05,5.554564502652649
74,0.001,3.774306607137061
3279,1e-09,8.785011546488665
3279,1e-07,7.068437751451771
3279,1e-05,5.485226749682097
3279,0.001,3.6999024496987256
3425,1e-09,9.461653127632566
3425,1e-07,7.845554089311951
3425,1e-05,6.522064666728392
3425,0.001,4.567145256396353
3007,1e-09,10.682365618410262
3007,1e-07,8.531476516557106
3007,1e-05,6.2495457372625305
3007,0.001,3.8422883792049145
505,1e-09,10.441914206465754
505,1e-07,8.623987287043702
505,1e-05,6.50262170319322
505,0.001,4.339805295162759
202,1e-09,10.281832018372109
202,1e-07,8.282048268271534
202,1e-05,6.1790127728205375
202,0.001,4.200695268930834
1471,1e-09,9.242017087591831
1471,1e-07,7.467265693028127
1471,1e-05,5.858200039986459
1471,0.001,4.133835771093614
2842,1e-09,9.99474099802607
2842,1e-07,8.181773731523295
2842,1e-05,6.277190837329874
2842,0.001,4.019433976671685
2665,1e-09,8.608551237434247
2665,1e-07,7.243891018428212
2665,1e-05,5.785045484242094
2665,0.001,3.8950729839202687
3534,1e-09,9.120156490944334
3534,1e-07,7.528800474475131
3534,1e-05,5.51744157126934
3534,0.001,3.485158897914249
2245,1e-09,7.586734915488418
2245,1e-07,6.2627819873522235
2245,1e-05,4.987910423236679
2245,0.001,3.3209576416845357
2688,1e-09,7.81388065436305
2688,1e-07,6.572749905660101
2688,1e-05,4.939156444605907
2688,0.001,2.664218620121792
663,1e-09,10.583992646614643
663,1e-07,8.700435962378098
663,1e-05,6.6519821571416085
663,0.001,4.543987022131001
3169,1e-09,8.10390105379398
3169,1e-07,6.713518096740355
3169,1e-05,5.231251709284371
3169,0.001,3.7594930313353903
2275,1e-09,8.86892157702872
2275,1e-07,7.579203104123848
2275,1e-05,6.0672762307736985
2275,0.001,4.400434331835154
9,1e-09,10.786862147766882
9,1e-07,9.056187424076736
9,1e-05,7.036071345963575
9,0.001,4.614512813392813
401,1e-09,10.68303488540798
401,1e-07,8.594180916582781
401,1e-05,6.552141173018547
401,0.001,4.556372658407453
1906,1e-09,7.731230648622143
1906,1e-07,6.2879125994781555
1906,1e-05,5.050761075791479
1906,0.001,3.3885626026182374
767,1e-09,9.61191804721327
767,1e-07,7.874986364363258
767,1e-05,5.944298980022239
767,0.001,4.099211932574151
591,1e-09,10.222243822065298
591,1e-07,8.431787775140938
591,1e-05,6.307140782461328
591,0.001,3.7934218456515256
2237,1e-09,7.951326368430798
2237,1e-07,6.342733324716191
2237,1e-05,4.972196327656412
2237,0.001,3.440260539190684
2964,1e-09,8.871724671424086
2964,1e-07,7.2590133507084325
2964,1e-05,5.536842796956611
2964,0.001,3.5245718462785613
1093,1e-09,9.812318773878106
1093,1e-07,8.215753679107591
1093,1e-05,6.060951355401712
1093,0.001,3.973739335668541
2866,1e-09,10.820911146620688
2866,1e-07,9.159325231076068
2866,1e-05,7.009455551464616
2866,0.001,4.479926916255866
49,1e-09,9.145540006998436
49,1e-07,7.642390462986563
49,1e-05,5.749126391591179
49,0.001,3.5434656197161423
2222,1e-09,7.911481493748974
2222,1e-07,6.715427149007452
2222,1e-05,5.145602887152976
2222,0.001,3.6435129934974744
1944,1e-09,8.50400061539378
1944,1e-07,6.88441868863325
1944,1e-05,5.513997878673784
1944,0.001,3.8660494582871703
3613,1e-09,9.583585274737201
3613,1e-07,8.067971082346416
3613,1e-05,6.496949411821386
3613,0.001,4.427053536742568
1566,1e-09,7.6866834211667365
1566,1e-07,6.450261336827981
1566,1e-05,4.9569539867948516
1566,0.001,3.1639818674768585
3185,1e-09,10.430990890006788
3185,1e-07,8.89194588752091
3185,1e-05,6.91806914912194
3185,0.001,4.3310408227222235
3843,1e-09,9.707917597573221
3843,1e-07,8.383904535955732
3843,1e-05,6.491595768178886
3843,0.001,4.292646048444871
834,1e-09,9.444340789098456
834,1e-07,7.708479056248154
834,1e-05,6.106606072117985
834,0.001,3.930965232023623
1206,1e-09,9.814023214484946
1206,1e-07,8.096678766253202
1206,1e-05,6.175467579953098
1206,0.001,4.05097841044357
1699,1e-09,7.706133326249833
1699,1e-07,6.267813071712593
1699,1e-05,4.749329458322365
1699,0.001,3.2039753124606722
3478,1e-09,9.494083331093124
3478,1e-07,7.6645073910722195
3478,1e-05,5.966302806807246
3478,0.001,4.0613120977095996
1327,1e-09,9.683227918425894
1327,1e-07,8.177334966790749
1327,1e-05,6.299378746495712
1327,0.001,4.1737149473898105
2361,1e-09,7.888602530586725
2361,1e-07,6.535305381725183
2361,1e-05,4.945727905580192
2361,0.001,3.06294707374645
3437,1e-09,8.765419273625541
3437,1e-07,7.209424985923147
3437,1e-05,5.437883106361389
3437,0.001,3.7594141614463252
2335,1e-09,8.042739226771678
2335,1e-07,6.784625615387142
2335,1e-05,5.290635224814019
2335,0.001,3.639260174999908
1704,1e-09,8.664723852648018
1704,1e-07,7.237051157573436
1704,1e-05,5.699073569489232
1704,0.001,3.836240172215775
2580,1e-09,8.188700853790406
2580,1e-07,6.808701652723881
2580,1e-05,5.257521446837783
2580,0.001,3.5243583314317397
3466,1e-09,9.308887192385228
3466,1e-07,7.673572761685419
3466,1e-05,6.157560494359665
3466,0.001,4.2469487858927755
2776,1e-09,10.113172313768427
2776,1e-07,8.58710239052469
2776,1e-05,6.5946947975249595
2776,0.001,4.569707641786316
1198,1e-09,9.879550432973492
1198,1e-07,8.085338927478661
1198,1e-05,6.501899847602928
1198,0.001,4.371071871242978
2439,1e-09,8.950468633029487
2439,1e-07,7.320756725798032
2439,1e-05,5.091985287179385
2439,0.001,2.9519927649190576
556,1e-09,10.311382853071734
556,1e-07,8.54882915955256
556,1e-05,6.339023732538199
556,0.001,4.08242639793259
1720,1e-09,7.493388570934873
1720,1e-07,6.298413314002785
1720,1e-05,4.96455137544608
1720,0.001,3.381746804417559
2915,1e-09,9.044010996586884
2915,1e-07,7.501767660870503
2915,1e-05,5.757497157700006
2915,0.001,3.4747850388722066
1827,1e-09,9.220243367982276
1827,1e-07,7.585104362116986
1827,1e-05,5.9268708026797965
1827,0.001,3.8899091077565897
625,1e-09,9.836323033393596
625,1e-07,8.327534457822829
625,1e-05,6.557779844209907
625,0.001,4.55387233393597
403,1e-09,10.629910511477737
403,1e-07,8.698938336397667
403,1e-05,6.409055404926679
403,0.001,3.8930236316244597
257,1e-09,10.428934195592891
257,1e-07,9.08372156080183
257,1e-05,7.381744025266675
257,0.001,4.981531808113149
2846,1e-09,8.224940411955702
2846,1e-07,6.728788281001484
2846,1e-05,5.032851271585388
2846,0.001,3.3102787730939616
3131,1e-09,10.46921241337304
3131,1e-07,8.542820667978122
3131,1e-05,6.595844691174321
3131,0.001,4.39262547316518
1543,1e-09,8.141762354535572
1543,1e-07,6.860678232831143
1543,1e-05,5.454272312357415
1543,0.001,3.487911856505111
1029,1e-09,7.803878894605065
1029,1e-07,6.365367632821982
1029,1e-05,4.7884028230892
1029,0.001,2.88671364271334
1131,1e-09,10.250053508507373
1131,1e-07,8.61115761468635
1131,1e-05,6.809623271658683
1131,0.001,4.663338694506816
3176,1e-09,10.07537933439703
3176,1e-07,8.44261728717458
3176,1e-05,6.388717484791797
3176,0.001,4.034260527693442
715,1e-09,10.397491348018375
715,1e-07,8.757943827112145
715,1e-05,6.702158110497857
715,0.001,4.2729298909244
1727,1e-09,8.101633462913872
1727,1e-07,6.795821628862961
1727,1e-05,5.313209429380947
1727,0.001,3.47745319382693
2518,1e-09,6.633194740523396
2518,1e-07,5.352084004077525
2518,1e-05,4.084125263386802
2518,0.001,2.7711321441236008
597,1e-09,10.393286062685654
597,1e-07,8.418632317825818
597,1e-05,6.361462954208421
597,0.001,4.075154028088758
1480,1e-09,10.126234491587981
1480,1e-07,8.54255799982171
1480,1e-05,6.676700028594627
1480,0.001,4.505647280974855
1143,1e-09,9.985567549251844
1143,1e-07,7.826635766915034
1143,1e-05,5.736879283415121
1143,0.001,3.6438450422506246
2090,1e-09,9.023600365057638
2090,1e-07,7.6940238219258505
2090,1e-05,6.0488143011439535
2090,0.001,4.1447177522069465
2004,1e-09,8.98393959732303
2004,1e-07,7.623227268846412
2004,1e-05,5.868210231071654
2004,0.001,4.101993045864131
1227,1e-09,7.570189965211849
1227,1e-07,6.2302581340659815
1227,1e-05,4.807064502985334
1227,0.001,3.2953421456843266
2612,1e-09,7.587090119566532
2612,1e-07,6.340005372407494
2612,1e-05,4.988587393508326
2612,0.001,3.4050479249036725
390,1e-09,10.454476044329814
390,1e-07,8.874360331770996
390,1e-05,6.90265119263063
390,0.001,4.253921044436327
1074,1e-09,9.86509510501896
1074,1e-07,8.28784628968154
1074,1e-05,6.617318711022752
1074,0.001,4.462774070326031
2833,1e-09,7.970844920371122
2833,1e-07,6.34089447106087
2833,1e-05,4.931844143014208
2833,0.001,3.1706454560830504
2869,1e-09,8.972972013247361
2869,1e-07,7.552522489304772
2869,1e-05,5.587005868380638
2869,0.001,3.4550497373242806
3005,1e-09,10.196503265739445
3005,1e-07,8.253827425581488
3005,1e-05,6.483410146893508
3005,0.001,4.3778369860997675
2902,1e-09,8.976081471923216
2902,1e-07,7.590568243157536
2902,1e-05,6.185160200899311
2902,0.001,4.034505619031039
1806,1e-09,8.767953829254207
1806,1e-07,7.465957608265758
1806,1e-05,5.771810539552561
1806,0.001,3.949288960703784
3474,1e-09,9.834501787683779
3474,1e-07,8.163960800558776
3474,1e-05,6.360623374742449
3474,0.001,4.465780443479613
391,1e-09,10.993892616082013
391,1e-07,9.189169860330905
391,1e-05,7.081755562957215
391,0.001,4.630940522866385
1846,1e-09,7.644477513751111
1846,1e-07,6.194158617974376
1846,1e-05,4.881268902015235
1846,0.001,3.4050728985397556
1189,1e-09,8.880485286911805
1189,1e-07,7.443497017498792
1189,1e-05,5.705126468970325
1189,0.001,3.2843935581389014
1470,1e-09,10.694393060478582
1470,1e-07,8.94356262418161
1470,1e-05,6.8895594396334126
1470,0.001,4.7084069545344365
1096,1e-09,8.033675229005286
1096,1e-07,6.697604105515037
1096,1e-05,5.07229176855023
1096,0.001,3.216133844826378
920,1e-09,8.55336565766841
920,1e-07,6.942380406659234
920,1e-05,5.258993277410259
920,0.001,3.0373544054438
2307,1e-09,10.178227519091395
2307,1e-07,8.33839680001222
2307,1e-05,6.224419971386371
2307,0.001,4.168432685677304
666,1e-09,10.263235003948331
666,1e-07,8.567536959906146
666,1e-05,6.742437022542839
666,0.001,4.449111379934989
1294,1e-09,9.979959613643395
1294,1e-07,8.105049086610801
1294,1e-05,6.175618809186082
1294,0.001,3.9252833953792243
2148,1e-09,9.001701352855607
2148,1e-07,7.586338038226111
2148,1e-05,6.055576163557505
2148,0.001,4.152627000447678
494,1e-09,10.100604058087072
494,1e-07,8.182931818703644
494,1e-05,6.1344266854500935
494,0.001,3.943064138843207
1766,1e-09,6.506427670286593
1766,1e-07,5.412353392267675
1766,1e-05,4.184325335417507
1766,0.001,2.7643806714693686
3566,1e-09,10.418347436560035
3566,1e-07,8.58871664881716
3566,1e-05,6.452935109610555
3566,0.001,4.173289486583751
1609,1e-09,9.299496741515163
1609,1e-07,7.897124317176503
1609,1e-05,6.312895371774983
1609,0.001,4.1091204045010565
3522,1e-09,9.745502973920615
3522,1e-07,8.04721988123259
3522,1e-05,6.027134504644164
3522,0.001,4.030747231056095
3138,1e-09,10.357720439071596
3138,1e-07,8.305517084471196
3138,1e-05,6.2141947591854265
3138,0.001,4.172527888087228
2095,1e-09,7.288458582450652
2095,1e-07,5.990584158346268
2095,1e-05,4.527498991053025
2095,0.001,3.082602367373878
1929,1e-09,7.279026194248856
1929,1e-07,6.102809909688317
1929,1e-05,4.744877126705025
1929,0.001,2.727620558124741
2212,1e-09,7.575997848825736
2212,1e-07,6.18706234062314
2212,1e-05,4.781154440835222
2212,0.001,3.1591776094837987
3052,1e-09,9.575381977152745
3052,1e-07,7.983621583551109
3052,1e-05,6.123253365791719
3052,0.001,4.441066904792587
3445,1e-09,9.517045505258459
3445,1e-07,7.771667078465843
3445,1e-05,5.759467162666747
3445,0.001,3.4512702004136004
3021,1e-09,10.67699909614248
3021,1e-07,8.56108213698553
3021,1e-05,6.401967712118325
3021,0.001,4.190570082158534
94,1e-09,9.832179362109718
94,1e-07,7.930468538257373
94,1e-05,5.966690158352084
94,0.001,4.055754645057976
3885,1e-09,9.506285518484077
3885,1e-07,7.853903624465174
3885,1e-05,5.970732104701945
3885,0.001,3.9058888413951323
2876,1e-09,6.741111922343398
2876,1e-07,5.609577294557591
2876,1e-05,4.263004144997411
2876,0.001,2.8770934903726673
3642,1e-09,9.234858898590632
3642,1e-07,7.735147726305215
3642,1e-05,5.985973173944986
3642,0.001,4.029796599057051
3850,1e-09,8.970634245743627
3850,1e-07,7.408963978888376
3850,1e-05,5.856827575830009
3850,0.001,3.8188953089169173
2229,1e-09,7.499061565878256
2229,1e-07,6.419082116195304
2229,1e-05,5.030768254624749
2229,0.001,3.2039699960274897
3562,1e-09,10.584568210797023
3562,1e-07,8.94621993694904
3562,1e-05,6.996009717035274
3562,0.001,4.400285334456975
3220,1e-09,10.513250680676643
3220,1e-07,8.65478478700256
3220,1e-05,6.7515769451477725
3220,0.001,4.6693590137550185
251,1e-09,10.85290598076801
251,1e-07,9.105094766483457
251,1e-05,7.0584532720709365
251,0.001,4.4390879949552655
857,1e-09,9.111943135545856
857,1e-07,7.422441058996811
857,1e-05,5.725191800009808
857,0.001,3.4164750600993736
969,1e-09,8.892184662159883
969,1e-07,7.21867410063807
969,1e-05,5.703895544725962
969,0.001,3.884600165104724
3716,1e-09,8.09424657181892
3716,1e-07,6.5351670105255995
3716,1e-05,4.9190605524176405
3716,0.001,3.2726201877719343
1231,1e-09,10.420523393752687
1231,1e-07,8.78488938286467
1231,1e-05,6.849225509546041
1231,0.001,4.605453141530439
373,1e-09,9.850170078011
373,1e-07,8.229222551356157
373,1e-05,6.2584921416750765
373,0.001,4.316610095877933
908,1e-09,8.662042496671683
908,1e-07,7.244347610800588
908,1e-05,5.442977403765498
908,0.001,3.4187275245722573
1730,1e-09,8.158201442535303
1730,1e-07,6.741601191689905
1730,1e-05,5.418292011572656
1730,0.001,3.696094175771519
2539,1e-09,9.34029308725018
2539,1e-07,7.98834596449595
2539,1e-05,6.311743573321023
2539,0.001,3.96904746708166
3496,1e-09,8.872156107741004
3496,1e-07,7.364830936617493
3496,1e-05,5.806118454890698
3496,0.001,3.807646907954846
145,1e-09,10.921161517981883
145,1e-07,8.986026725929106
145,1e-05,6.872069681446333
145,0.001,4.5900275269704425
1819,1e-09,6.934313098985342
1819,1e-07,5.985147785887149
1819,1e-05,4.673585885979628
1819,0.001,3.049596642230894
1919,1e-09,9.238980543954655
1919,1e-07,7.8484423189271375
1919,1e-05,6.286547858190358
1919,0.001,4.310438907784056
0,1e-09,10.832901179999356
0,1e-07,9.298084643383726
0,1e-05,7.147232233573718
0,0.001,4.654017295847933
3465,1e-09,8.96079543281623
3465,1e-07,7.352473070581026
3465,1e-05,5.449428779627037
3465,0.001,3.7618498006315146
2063,1e-09,9.19042149469143
2063,1e-07,7.749060289819632
2063,1e-05,6.202963405576641
2063,0.001,4.385551197814037
1406,1e-09,9.534143938192775
1406,1e-07,8.003650661083762
1406,1e-05,6.13677546784642
1406,0.001,3.813723298306962
2756,1e-09,9.830717405056077
2756,1e-07,8.355467674184515
2756,1e-05,6.252319854638411
2756,0.001,4.5967655118514745
948,1e-09,9.415292516783055
948,1e-07,7.876965629489335
948,1e-05,6.389242376280719
948,0.001,4.3578360059362415
511,1e-09,10.385753253601651
511,1e-07,8.588182399580473
511,1e-05,6.410442849533532
511,0.001,4.1235610640876414
956,1e-09,9.819062976460714
956,1e-07,8.341522767091897
956,1e-05,6.696826451432026
956,0.001,4.4923395257841525
1517,1e-09,9.145003174955638
1517,1e-07,7.638837801929384
1517,1e-05,5.9558141343100965
1517,0.001,3.971087597844992
760,1e-09,10.966521493149862
760,1e-07,8.866596651381645
760,1e-05,6.892343058696788
760,0.001,4.595479567522357
2269,1e-09,7.757172552006938
2269,1e-07,6.416309287331404
2269,1e-05,4.870814066761685
2269,0.001,3.1451496260299714
1320,1e-09,8.68998152276447
1320,1e-07,7.2015320495990816
1320,1e-05,5.662596119978656
1320,0.001,3.744542142018319
1102,1e-09,9.918219015811331
1102,1e-07,8.151487405379381
1102,1e-05,6.290076921203356
1102,0.001,4.315147155239814
226,1e-09,10.875010969888038
226,1e-07,9.016662278622096
226,1e-05,6.825679412706599
226,0.001,4.110933767437307
702,1e-09,9.747372961805379
702,1e-07,8.085506796467332
702,1e-05,6.423639260321273
702,0.001,3.929115159039354
2376,1e-09,8.226584133014404
2376,1e-07,6.649492518077105
2376,1e-05,5.149257279540508
2376,0.001,3.50682194226413
1344,1e-09,9.760207935535552
1344,1e-07,8.111222460450723
1344,1e-05,5.915963011897772
1344,0.001,3.7615578529024214
802,1e-09,8.813879104733259
802,1e-07,7.306856321281363
802,1e-05,5.640520534993066
802,0.001,3.8322393577651006
2657,1e-09,8.871797522899739
2657,1e-07,7.112181965472087
2657,1e-05,5.026433658935973
2657,0.001,3.1567279142723565
1140,1e-09,10.630185864721355
1140,1e-07,8.649441915200835
1140,1e-05,6.498587601257732
1140,0.001,4.177755688873561
590,1e-09,9.072738637847273
590,1e-07,7.551978484212237
590,1e-05,5.8043089659603515
590,0.001,3.9424687617213436
2780,1e-09,7.847741642340676
2780,1e-07,6.384046467501721
2780,1e-05,4.995253526271997
2780,0.001,3.5058635933635256
1575,1e-09,8.015301844547196
1575,1e-07,6.672127642852783
1575,1e-05,4.957392879777694
1575,0.001,3.04750828789182
776,1e-09,10.112160415117335
776,1e-07,8.367879206090869
776,1e-05,6.43366258010392
776,0.001,4.354881112073319
1694,1e-09,8.151140461871368
1694,1e-07,6.849534413096116
1694,1e-05,5.264408686153462
1694,0.001,3.343216466197759
1247,1e-09,10.199032542067435
1247,1e-07,8.452725375054914
1247,1e-05,6.508543421864139
1247,0.001,4.404420852499441
688,1e-09,10.035117263017396
688,1e-07,8.709554677428143
688,1e-05,7.0356998858107325
688,0.001,4.864421974961139
141,1e-09,10.242399134542303
141,1e-07,8.557748503898821
141,1e-05,6.611188612956083
141,0.001,4.446289866786496
3198,1e-09,8.053001934882166
3198,1e-07,6.512208716705067
3198,1e-05,5.09925424349232
3198,0.001,3.2669829906027745
1860,1e-09,7.4772908580913695
1860,1e-07,6.2483179153016275
1860,1e-05,4.892856770051989
1860,0.001,3.0547175309440253
2259,1e-09,8.064691324300794
2259,1e-07,6.809698977283898
2259,1e-05,5.219117188012372
2259,0.001,3.159226153908355
2864,1e-09,7.875735084063911
2864,1e-07,6.459980292584666
2864,1e-05,4.713611112169309
2864,0.001,2.9110299635082453
3731,1e-09,10.045694539206107
3731,1e-07,8.578235613371186
3731,1e-05,6.698723644887066
3731,0.001,4.408191186700224
3659,1e-09,9.260425600774866
3659,1e-07,7.646302437076804
3659,1e-05,5.787131909939307
3659,0.001,3.555569532603743
374,1e-09,10.439316007246791
374,1e-07,8.446282100842245
374,1e-05,6.656121359916263
374,0.001,4.4830578263035425
2921,1e-09,10.556046312283447
2921,1e-07,9.042438202019977
2921,1e-05,7.055459180614341
2921,0.001,4.7333582563407575
730,1e-09,10.270957507951046
730,1e-07,8.82273247303107
730,1e-05,6.585641852829142
730,0.001,4.516786510060561
2944,1e-09,9.684958194037847
2944,1e-07,7.909599089510353
2944,1e-05,5.891050164957167
2944,0.001,3.4458972456462114
2023,1e-09,8.310941526783092
2023,1e-07,6.976640146684494
2023,1e-05,5.5199514661868205
2023,0.001,3.6256820234953957
3624,1e-09,8.961759005787037
3624,1e-07,7.4378672896996205
3624,1e-05,5.660344172227656
3624,0.001,3.8557208156649083
2481,1e-09,8.116675615359977
2481,1e-07,6.825722227008119
2481,1e-05,5.311040943489119
2481,0.001,3.424725596648313
884,1e-09,8.108619395686082
884,1e-07,6.6045397043341465
884,1e-05,5.034622639003262
884,0.001,3.5157460903160462
256,1e-09,9.985876812070964
256,1e-07,8.416810597185432
256,1e-05,6.552860367760418
256,0.001,4.466497115597023
343,1e-09,10.72003576827548
343,1e-07,8.851618831136125
343,1e-05,6.679348867853766
343,0.001,4.157975215077998
170,1e-09,9.962558501424892
170,1e-07,8.017458865626576
170,1e-05,5.725858657205324
170,0.001,3.5966404346360443
2132,1e-09,9.172733333880958
2132,1e-07,7.549358864426406
2132,1e-05,5.452183894340326
2132,0.001,3.328955550017974
1355,1e-09,8.303889805858049
1355,1e-07,7.104862933095954
1355,1e-05,5.85717220754025
1355,0.001,3.755765930683386
1365,1e-09,9.305877246914255
1365,1e-07,7.651896302569865
1365,1e-05,5.808219454531135
1365,0.001,3.8328565418676788
1554,1e-09,9.047189437902958
1554,1e-07,7.568597218726627
1554,1e-05,5.876999032399676
1554,0.001,3.594562971994786
1916,1e-09,8.475020890991356
1916,1e-07,7.159744426440883
1916,1e-05,5.6330152521974375
1916,0.001,3.6837250352956565
2457,1e-09,7.886588966282749
2457,1e-07,6.498039426292019
2457,1e-05,5.182686745013616
2457,0.001,3.5974525495052507
2904,1e-09,7.983776021028039
2904,1e-07,6.812049031192782
2904,1e-05,5.531106693586832
2904,0.001,3.9865262608273895
130,1e-09,10.875156114638699
130,1e-07,9.079092630255746
130,1e-05,6.697151474595927
130,0.001,4.233937700216224
1410,1e-09,10.249067908163692
1410,1e-07,8.417895486203697
1410,1e-05,6.293165332082324
1410,0.001,3.885086462859241
2100,1e-09,7.862609886779005
2100,1e-07,6.517766206419514
2100,1e-05,5.20461577557788
2100,0.001,3.654265897951574
2304,1e-09,8.859846250212797
2304,1e-07,7.2925525058656815
2304,1e-05,5.771173012877688
2304,0.001,4.01454837850657
3634,1e-09,7.596581011137143
3634,1e-07,6.363698243509998
3634,1e-05,5.057169193310558
3634,0.001,3.427560306710248
2170,1e-09,7.114762725217522
2170,1e-07,5.744188212149367
2170,1e-05,4.277800736827187
2170,0.001,2.8651212032765607
120,1e-09,11.229767350674102
120,1e-07,9.618343069083908
120,1e-05,7.606817227645874
120,0.001,5.053052165050226
371,1e-09,9.957991963546384
371,1e-07,8.30521041835753
371,1e-05,6.354105279510452
371,0.001,4.298772671298249
101,1e-09,9.961765696311376
101,1e-07,8.058593312985945
101,1e-05,6.316054744306403
101,0.001,4.272805162965418
2197,1e-09,9.157733513448866
2197,1e-07,7.614146670644764
2197,1e-05,6.140335843890075
2197,0.001,4.042594079329174
652,1e-09,10.058654822033954
652,1e-07,7.877353694119968
652,1e-05,5.864898923299335
652,0.001,3.9536016713731037
133,1e-09,9.895756164444421
133,1e-07,7.932169453876046
133,1e-05,5.696489967678293
133,0.001,3.6340938907306266
58,1e-09,10.405669040721875
58,1e-07,8.530868004960938
58,1e-05,6.137194928072787
58,0.001,4.14118603170134
3242,1e-09,9.786927607912965
3242,1e-07,7.925675232367902
3242,1e-05,6.0343380483902225
3242,0.001,3.968050514737959
2239,1e-09,7.248064383989735
2239,1e-07,6.011092935956856
2239,1e-05,4.701454145027331
2239,0.001,2.776869306738093
2064,1e-09,8.028576846154385
2064,1e-07,6.756094807276762
2064,1e-05,5.147555704929035
2064,0.001,3.309099177043077
1677,1e-09,8.078705918518228
1677,1e-07,6.868085709638997
1677,1e-05,5.426935669605176
1677,0.001,3.579878584335597
3834,1e-09,10.02555110092245
3834,1e-07,8.384076053935797
3834,1e-05,6.168155988896885
3834,0.001,3.5493740149747666
3011,1e-09,10.181295887803653
3011,1e-07,8.63382434635816
3011,1e-05,6.942198671318517
3011,0.001,4.69294843306088
3892,1e-09,8.89243581982263
3892,1e-07,7.419463814891932
3892,1e-05,5.544803594085938
3892,0.001,3.680472118159396
3158,1e-09,9.692002614800009
3158,1e-07,8.158611080768608
3158,1e-05,6.22296899200861
3158,0.001,4.067793651413563
1308,1e-09,8.77695274096107
1308,1e-07,7.243195652367638
1308,1e-05,5.450344804111292
1308,0.001,3.705493060972694
1011,1e-09,10.560736431138805
1011,1e-07,8.669457351429928
1011,1e-05,6.760090497833183
1011,0.001,4.5717494754240855
2670,1e-09,8.965496789048258
2670,1e-07,7.514485822390935
2670,1e-05,5.612031087284203
2670,0.001,3.7081426278209606
865,1e-09,8.379954784905243
865,1e-07,7.052383607708953
865,1e-05,5.740704436037589
865,0.001,3.878187085025865
589,1e-09,10.648423666938726
589,1e-07,8.7732023127917
589,1e-05,6.527278750244661
589,0.001,3.929938826098843
2814,1e-09,10.325163492926263
2814,1e-07,8.612049860156592
2814,1e-05,6.760919321924342
2814,0.001,4.50576228270413
540,1e-09,10.060084573248204
540,1e-07,8.310658014789599
540,1e-05,6.150212941828294
540,0.001,3.733551053881874
429,1e-09,10.097664085912035
429,1e-07,8.347808462390033
429,1e-05,6.51499693539319
429,0.001,4.514429869439324
3791,1e-09,10.47748157266102
3791,1e-07,8.875106031618696
3791,1e-05,6.892917111791012
3791,0.001,4.687440381653332
1116,1e-09,9.54967840479679
1116,1e-07,8.251576883254186
1116,1e-05,6.474326988774157
1116,0.001,3.9690189261776876
3341,1e-09,9.951808798976918
3341,1e-07,8.383307621159513
3341,1e-05,6.361731040231876
3341,0.001,4.156345044476707
854,1e-09,9.833446895321467
854,1e-07,8.359061169899421
854,1e-05,6.506325160152702
854,0.001,4.209687870893349
986,1e-09,8.931948765650144
986,1e-07,7.328381567837521
986,1e-05,5.649131939488233
986,0.001,3.8798166397652856
662,1e-09,9.656365532542306
662,1e-07,8.11202882772473
662,1e-05,6.13182139000198
662,0.001,3.496405899138207
1857,1e-09,7.812448437182846
1857,1e-07,6.425836337374935
1857,1e-05,4.992311034870958
1857,0.001,3.3193360911560195
2917,1e-09,9.81056641311123
2917,1e-07,8.454064788820132
2917,1e-05,6.379511864624374
2917,0.001,4.166469976697204
634,1e-09,9.958398934007036
634,1e-07,8.305228996809337
634,1e-05,6.582695584009143
634,0.001,3.896005656784703
1645,1e-09,8.387460455470867
1645,1e-07,6.91241435689416
1645,1e-05,5.491418607829238
1645,0.001,3.562837706263576
1088,1e-09,9.511695931778593
1088,1e-07,7.6401191906591475
1088,1e-05,5.710208537459525
1088,0.001,3.862869181387915
2602,1e-09,10.220363104353822
2602,1e-07,8.453154324216273
2602,1e-05,6.509460559179341
2602,0.001,4.320695787520603
1899,1e-09,9.759685964439017
1899,1e-07,8.101078206038158
1899,1e-05,6.258758124541625
1899,0.001,4.230995674289862
3679,1e-09,8.452349968843928
3679,1e-07,7.117790022735985
3679,1e-05,5.738258055748894
3679,0.001,3.501694682610519
2707,1e-09,9.38876452499397
2707,1e-07,7.680202584922153
2707,1e-05,6.197274145024988
2707,0.001,3.8496313771547968
2022,1e-09,8.643249328201083
2022,1e-07,7.288958317913048
2022,1e-05,5.818654235296436
2022,0.001,3.851845938344368
