label,sid,k,c_over_eta
p5,2813,1,66615135630.090454
p5,2813,2,23948675659.296726
p5,2813,3,2376763749.014626
p5,2813,4,994269766.1785125
p5,2813,5,50419646.69960905
p5,2813,6,2449428.6835166737
p5,2813,7,108121.58144714322
p5,2813,8,3616.1353254352357
p5,2813,9,105.79373492187841
p5,2813,10,4.724863081157
p5,2813,11,0.12394596592339743
p5,2813,12,0.0027913066359179692
p5,2813,13,6.970262650630062e-05
p5,2813,14,1.657951756585618e-05
p5,2813,15,1.0373259101683207e-05
p5,2813,16,8.65542467916302e-06
p5,2813,17,8.241104493065548e-06
p5,2813,18,7.10280201812667e-06
p5,2813,19,6.867705490523524e-06
p5,2813,20,5.2048854549122976e-06
p5,2813,21,4.724433026833865e-06
p5,2813,22,4.580613677160427e-06
p5,2813,23,3.9140287730352664e-06
p5,2813,24,3.2255318942070845e-06
p5,2813,25,3.051034233836481e-06
p5,2813,26,2.574260573236167e-06
p5,2813,27,2.0716925611639746e-06
p5,2813,28,1.767025694978214e-06
p5,2813,29,1.6204388044725598e-06
p5,2813,30,1.4981198250628678e-06
p5,2813,31,1.341584878086964e-06
p5,2813,32,1.1244047283665393e-06
p5,2813,33,1.037514460539875e-06
p5,2813,34,9.738416450591876e-07
p5,2813,35,9.294300793290059e-07
p5,2813,36,8.445418591818815e-07
p5,2813,37,7.971824155219909e-07
p5,2813,38,6.319821790278675e-07
p5,2813,39,5.447597718421355e-07
p5,2813,40,4.0807067370159494e-07
p5,2813,41,3.409777159358605e-07
p5,2813,42,2.8811285239034245e-07
p5,2813,43,2.5422547555511396e-07
p5,2813,44,2.4198810448270355e-07
p5,2813,45,1.4229667144307814e-07
p5,2813,46,1.1237295626225877e-07
p5,2813,47,6.715795533576278e-08
p5,2813,48,4.403155097466363e-08
p5,2813,49,1.2064808310357244e-08
p5,2813,50,9.188135728670419e-09
p5,2813,51,0.0
p5,2813,52,0.0
p5,2813,53,0.0
p5,2813,54,0.0
p5,2813,55,0.0
p5,2813,56,0.0
p5,2813,57,0.0
p5,2813,58,0.0
p5,2813,59,0.0
p5,2813,60,0.0
p5,2813,61,0.0
p5,2813,62,0.0
p5,2813,63,0.0
p5,2813,64,0.0
p5,2813,65,0.0
p5,2813,66,0.0
p5,2813,67,0.0
p5,2813,68,0.0
p5,2813,69,0.0
p5,2813,70,0.0
p5,2813,71,0.0
p5,2813,72,0.0
p5,2813,73,0.0
p5,2813,74,0.0
p5,2813,75,0.0
p5,2813,76,0.0
p5,2813,77,0.0
p5,2813,78,0.0
p5,2813,79,0.0
p5,2813,80,0.0
p5,2813,81,0.0
p5,2813,82,0.0
p5,2813,83,0.0
p5,2813,84,0.0
p5,2813,85,0.0
p5,2813,86,0.0
p5,2813,87,0.0
p5,2813,88,0.0
p5,2813,89,0.0
p5,2813,90,0.0
p50,2670,1,61357957040.772484
p50,2670,2,3858036705.9888434
p50,2670,3,1677264561.7051637
p50,2670,4,341892594.2026263
p50,2670,5,76293223.4007215
p50,2670,6,10228214.661536857
p50,2670,7,962266.80009462
p50,2670,8,54455.19767318243
p50,2670,9,8282.273516036088
p50,2670,10,783.8900335973719
p50,2670,11,33.44065204031193
p50,2670,12,1.099305125022473
p50,2670,13,0.0500490250749328
p50,2670,14,0.0024911948004539236
p50,2670,15,7.178837756501419e-05
p50,2670,16,1.4790128054729571e-05
p50,2670,17,1.0071981056410181e-05
p50,2670,18,7.806091105249009e-06
p50,2670,19,6.975482874337633e-06
p50,2670,20,4.9934261309379145e-06
p50,2670,21,4.607391208744172e-06
p50,2670,22,3.95847470215402e-06
p50,2670,23,3.5797550249094562e-06
p50,2670,24,3.3845487600826728e-06
p50,2670,25,3.015028222826226e-06
p50,2670,26,2.402976808798116e-06
p50,2670,27,2.3081347713585897e-06
p50,2670,28,2.1168302946508963e-06
p50,2670,29,2.032202243105308e-06
p50,2670,30,1.822910782732094e-06
p50,2670,31,1.817609544359768e-06
p50,2670,32,1.6499764082652804e-06
p50,2670,33,1.304661588985626e-06
p50,2670,34,1.1930386368552596e-06
p50,2670,35,1.106003570009545e-06
p50,2670,36,8.457444730399823e-07
p50,2670,37,8.130760663142598e-07
p50,2670,38,7.144730132381057e-07
p50,2670,39,6.862313494114342e-07
p50,2670,40,4.989463715690527e-07
p50,2670,41,4.744451601562356e-07
p50,2670,42,3.5246995454631753e-07
p50,2670,43,3.203326310005505e-07
p50,2670,44,2.2045564442587986e-07
p50,2670,45,1.9513406069689028e-07
p50,2670,46,1.4327066745575716e-07
p50,2670,47,1.0432849878505802e-07
p50,2670,48,8.02350227440225e-08
p50,2670,49,6.36734688618296e-08
p50,2670,50,5.783751766109355e-08
p50,2670,51,7.45254731114059e-09
p50,2670,52,0.0
p50,2670,53,0.0
p50,2670,54,0.0
p50,2670,55,0.0
p50,2670,56,0.0
p50,2670,57,0.0
p50,2670,58,0.0
p50,2670,59,0.0
p50,2670,60,0.0
p50,2670,61,0.0
p50,2670,62,0.0
p50,2670,63,0.0
p50,2670,64,0.0
p50,2670,65,0.0
p50,2670,66,0.0
p50,2670,67,0.0
p50,2670,68,0.0
p50,2670,69,0.0
p50,2670,70,0.0
p50,2670,71,0.0
p50,2670,72,0.0
p50,2670,73,0.0
p50,2670,74,0.0
p50,2670,75,0.0
p50,2670,76,0.0
p50,2670,77,0.0
p50,2670,78,0.0
p50,2670,79,0.0
p50,2670,80,0.0
p50,2670,81,0.0
p50,2670,82,0.0
p50,2670,83,0.0
p50,2670,84,0.0
p50,2670,85,0.0
p50,2670,86,0.0
p50,2670,87,0.0
p50,2670,88,0.0
p50,2670,89,0.0
p50,2670,90,0.0
p95,401,1,76714701539.65524
p95,401,2,44390020095.76035
p95,401,3,6313724166.203607
p95,401,4,1941851853.1749144
p95,401,5,510313966.969366
p95,401,6,59499310.46428166
p95,401,7,10817949.818463063
p95,401,8,1197483.4196005093
p95,401,9,86496.57651738299
p95,401,10,10030.65218053587
p95,401,11,1372.6903795349153
p95,401,12,200.02323317719663
p95,401,13,30.134794194128304
p95,401,14,4.454630446835898
p95,401,15,0.3932904936719718
p95,401,16,0.023175413646877783
p95,401,17,0.0017848557975101546
p95,401,18,0.00013105327813401507
p95,401,19,1.069700397787491e-05
p95,401,20,8.497686014300882e-06
p95,401,21,7.1143626650163465e-06
p95,401,22,6.43350197722861e-06
p95,401,23,6.3140743164170585e-06
p95,401,24,5.124965309089526e-06
p95,401,25,4.476137418145077e-06
p95,401,26,3.767461501516079e-06
p95,401,27,3.7083883004991767e-06
p95,401,28,3.2821486962556747e-06
p95,401,29,3.1286690749496324e-06
p95,401,30,2.987349502117005e-06
p95,401,31,2.694850934173685e-06
p95,401,32,2.4111257581667708e-06
p95,401,33,2.3179998448586114e-06
p95,401,34,2.081389161871054e-06
p95,401,35,1.5811979863012558e-06
p95,401,36,1.56945195008351e-06
p95,401,37,1.399525501348205e-06
p95,401,38,1.2523706928180594e-06
p95,401,39,1.0068640072490133e-06
p95,401,40,9.632225343189307e-07
p95,401,41,7.633160531390964e-07
p95,401,42,6.059446416598931e-07
p95,401,43,4.887619694948671e-07
p95,401,44,4.624979892352687e-07
p95,401,45,4.5871102843662064e-07
p95,401,46,3.3176388918652076e-07
p95,401,47,2.812756082064902e-07
p95,401,48,1.6899447397430063e-07
p95,401,49,1.0708682553671088e-07
p95,401,50,8.920509447497589e-08
p95,401,51,4.7965622763679545e-08
p95,401,52,4.068788104916621e-08
p95,401,53,3.6180313463113006e-11
p95,401,54,0.0
p95,401,55,0.0
p95,401,56,0.0
p95,401,57,0.0
p95,401,58,0.0
p95,401,59,0.0
p95,401,60,0.0
p95,401,61,0.0
p95,401,62,0.0
p95,401,63,0.0
p95,401,64,0.0
p95,401,65,0.0
p95,401,66,0.0
p95,401,67,0.0
p95,401,68,0.0
p95,401,69,0.0
p95,401,70,0.0
p95,401,71,0.0
p95,401,72,0.0
p95,401,73,0.0
p95,401,74,0.0
p95,401,75,0.0
p95,401,76,0.0
p95,401,77,0.0
p95,401,78,0.0
p95,401,79,0.0
p95,401,80,0.0
p95,401,81,0.0
p95,401,82,0.0
p95,401,83,0.0
p95,401,84,0.0
p95,401,85,0.0
p95,401,86,0.0
p95,401,87,0.0
p95,401,88,0.0
p95,401,89,0.0
p95,401,90,0.0
