label,sid,tau,m
p5,2813,1,0.9999999991934713
p5,2813,2,0.9999996320395552
p5,2813,3,0.9999917483578674
p5,2813,4,0.9993890375293782
p5,2813,5,0.9959848578066783
p5,2813,6,0.9295358244445793
p5,2813,7,0.8375996970832249
p5,2813,8,0.3334643206180043
p5,2813,9,0.16129076750475782
p5,2813,10,0.10253762993499019
p5,2813,11,0.07476919402121801
p5,2813,12,0.07197365057332936
p5,2813,13,0.0683278480099319
p5,2813,14,0.06527891407933079
p5,2813,15,0.06316458801401471
p5,2813,16,0.059134742387392164
p5,2813,17,0.0572018952915265
p5,2813,18,0.05323516074394489
p5,2813,19,0.05152263423020767
p5,2813,20,0.04790134856499931
p50,2670,1,0.9999999976793308
p50,2670,2,0.9999999318096188
p50,2670,3,0.9999884603351005
p50,2670,4,0.9998790042033311
p50,2670,5,0.996870518307802
p50,2670,6,0.980670034861938
p50,2670,7,0.9144943311275513
p50,2670,8,0.6756169149175916
p50,2670,9,0.5232692890481886
p50,2670,10,0.3472766335736385
p50,2670,11,0.3178919533995329
p50,2670,12,0.2128772442606491
p50,2670,13,0.1776456895631074
p50,2670,14,0.15835120344374534
p50,2670,15,0.12506837148491742
p50,2670,16,0.11647578882746072
p50,2670,17,0.09261687438836447
p50,2670,18,0.08273670408110338
p50,2670,19,0.06787303274292923
p50,2670,20,0.05860555209942572
p95,401,1,0.9999999991058836
p95,401,2,0.9999999341174045
p95,401,3,0.999996536286782
p95,401,4,0.9999402935494439
p95,401,5,0.9990278905742798
p95,401,6,0.9938314516638895
p95,401,7,0.9606893510159478
p95,401,8,0.882556447229931
p95,401,9,0.6983162411728306
p95,401,10,0.509455231047283
p95,401,11,0.4312437957551606
p95,401,12,0.4153557062011644
p95,401,13,0.3488779811552862
p95,401,14,0.28783714860196113
p95,401,15,0.27311064410493835
p95,401,16,0.24339594184472266
p95,401,17,0.22317260883153153
p95,401,18,0.21214640561065728
p95,401,19,0.1828461554651258
p95,401,20,0.16759344437474383
