sid,m0,MC_1_20,max_precision_diff,max_ball_radius,age
0,1.0,20.0,0.0,0.0,0
169,1.0,20.0,0.0,0.0,0
339,1.0,20.0,0.0,0.0,0
508,1.0,20.0,0.0,0.0,1
678,1.0,20.0,0.0,0.0,9
847,1.0,20.0,0.0,0.0,9
1017,1.0,20.0,0.0,0.0,20
1186,1.0,20.0,0.0,0.0,14
1356,1.0,20.0,0.0,0.0,11
1526,1.0,20.0,0.0,0.0,33
1695,1.0,20.0,0.0,0.0,27
1865,1.0,20.0,0.0,0.0,29
2034,1.0,20.0,0.0,0.0,25
2204,1.0,20.0,0.0,0.0,29
2373,1.0,20.0,0.0,0.0,26
2543,1.0,20.0,0.0,0.0,27
2713,1.0,20.0,0.0,0.0,37
2882,1.0,20.0,0.0,0.0,51
3052,1.0,20.0,0.0,0.0,73
3221,1.0,20.0,0.0,0.0,47
3391,1.0,20.0,0.0,0.0,59
3560,1.0,20.0,0.0,0.0,71
3730,1.0,20.0,0.0,0.0,72
3900,1.0,20.0,0.0,0.0,54
