sid,MC,MC_lin,ridge
12,8.88747,8.9604,0.001
25,9.40876,9.08414,0.001
37,9.80899,9.46239,0.001
48,9.54382,9.50028,0.001
74,8.46004,8.35478,0.001
87,9.45105,9.43617,0.001
128,9.20844,9.27514,0.001
142,9.78848,9.6898,0.001
144,9.42829,9.60535,0.001
157,8.95906,8.83528,0.001
158,9.28997,9.43763,0.001
170,8.33122,8.28137,0.001
174,9.04745,9.07265,0.001
185,9.27645,9.24453,0.001
199,9.01486,8.98219,0.001
202,8.93823,9.11457,0.001
206,9.08199,9.18245,0.001
210,9.33426,9.43404,0.001
217,9.3977,9.32417,0.001
226,9.42137,9.3785,0.001
244,8.29944,8.35707,0.001
271,8.74632,8.65861,0.001
282,8.37129,8.30276,0.001
320,8.66951,8.77519,0.001
330,9.08875,9.18069,0.001
331,8.60155,8.48907,0.001
356,8.57891,8.73733,0.001
357,8.3241,8.31729,0.001
362,9.12161,9.15223,0.001
371,9.06946,8.99101,0.001
372,9.39697,9.52535,0.001
382,9.80952,9.63582,0.001
392,9.48917,9.48663,0.001
393,9.33894,9.29478,0.001
396,9.82307,9.79564,0.001
409,9.00304,8.89177,0.001
411,8.97976,8.92789,0.001
416,8.45412,8.48987,0.001
417,9.46542,9.37431,0.001
420,9.33611,9.45124,0.001
422,9.0093,9.08907,0.001
453,8.70253,8.65584,0.001
458,8.7798,8.7801,0.001
460,9.78569,9.59193,0.001
543,8.03443,8.11067,0.001
562,8.96166,8.9262,0.001
589,9.21852,9.15172,0.001
639,7.94034,7.93193,0.001
674,8.74634,8.84097,0.001
679,8.88525,8.82896,0.001
681,10.068,10.0102,0.001
706,8.67614,8.546,0.001
720,8.52409,8.54766,0.001
728,8.60836,8.44934,0.001
729,7.56494,7.60581,0.001
738,9.1499,9.11245,0.001
739,8.21253,8.21727,0.001
746,9.38606,9.36911,0.001
784,9.00483,9.02304,0.001
797,9.65874,9.72671,0.001
798,7.77121,8.05118,0.001
799,9.09074,9.38755,0.001
817,9.10374,9.23949,0.001
851,7.64391,7.60686,0.001
907,7.25948,7.39861,0.001
936,7.17356,7.16532,0.001
942,8.28168,8.22422,0.001
952,6.54784,6.51744,0.001
956,9.13309,8.96989,0.001
960,8.25001,8.32735,0.001
961,9.20701,9.40061,0.001
980,8.77056,8.77864,0.001
981,6.01423,5.97172,0.001
991,8.22259,8.1579,0.001
995,8.83405,8.92016,0.001
1003,8.42688,8.2436,0.001
1039,8.23008,7.98824,0.001
1076,8.81998,9.03535,0.001
1087,9.24634,9.23618,0.001
1103,7.1233,7.09535,0.001
1107,7.84433,7.84249,0.001
1115,7.91495,7.89843,0.001
1119,7.62854,7.73571,0.001
1122,6.44976,6.56624,0.001
1150,8.85363,8.94122,0.001
1161,8.02243,8.02929,0.001
1193,8.75427,8.83619,0.001
1205,8.3064,8.38251,0.001
1208,9.45779,9.21813,0.001
1212,8.91055,8.80391,0.001
1252,8.11367,8.30167,0.001
1260,9.33501,9.34035,0.001
1350,8.03655,8.29916,0.001
1361,7.4917,7.57758,0.001
1383,8.99037,8.78992,0.001
1388,8.77925,8.74088,0.001
1417,7.94635,8.03517,0.001
1425,8.68263,8.58866,0.001
1429,8.79738,8.77738,0.001
1466,7.92172,8.07592,0.001
1476,9.27548,9.22171,0.001
1484,8.893,8.79137,0.001
1492,7.979,8.02221,0.001
1493,8.69852,8.67397,0.001
1514,6.5445,6.56443,0.001
1535,6.64896,6.75504,0.001
1567,7.49714,7.49655,0.001
1569,6.52932,6.61882,0.001
1612,7.32509,7.27142,0.001
1622,8.1081,8.08313,0.001
1628,7.14898,7.13706,0.001
1638,7.42625,7.43106,0.001
1645,7.37241,7.39867,0.001
1646,6.8104,6.94623,0.001
1666,7.29551,7.12737,0.001
1668,7.45537,7.45625,0.001
1673,6.0109,6.04028,0.001
1675,6.35206,6.35168,0.001
1683,6.31941,6.21197,0.001
1687,6.80046,6.85728,0.001
1691,5.84433,5.9179,0.001
1719,7.72758,7.64704,0.001
1721,6.53879,6.56212,0.001
1734,7.8075,7.76101,0.001
1745,7.64034,7.70504,0.001
1747,6.84382,6.92408,0.001
1774,7.29913,7.28854,0.001
1790,7.34509,7.27265,0.001
1812,6.76024,6.66474,0.001
1813,7.51066,7.52363,0.001
1814,7.5421,7.48473,0.001
1816,6.95185,6.96174,0.001
1826,7.28861,7.23058,0.001
1831,6.9816,6.94606,0.001
1837,6.90158,6.78287,0.001
1838,6.58549,6.53926,0.001
1854,7.9914,8.01042,0.001
1855,8.03022,8.02855,0.001
1862,7.92399,7.92006,0.001
1886,7.90426,8.03302,0.001
1898,7.7818,7.84086,0.001
1901,7.40328,7.32511,0.001
1910,5.85238,5.84622,0.001
1914,6.68623,6.75165,0.001
1929,6.30952,6.28813,0.001
1931,7.94698,7.78937,0.001
1932,8.02314,8.12574,0.001
1970,6.87664,6.8775,0.001
1975,7.25919,7.20406,0.001
1986,6.56254,6.60346,0.001
2012,6.67092,6.58817,0.001
2019,7.46535,7.53261,0.001
2037,6.89431,6.89615,0.001
2049,7.10323,7.11542,0.001
2060,8.20892,8.09521,0.001
2062,6.36934,6.42707,0.001
2081,7.69121,7.82242,0.001
2086,7.25231,7.28416,0.001
2087,6.38403,6.46061,0.001
2108,6.956,6.97719,0.001
2112,8.13753,8.10837,0.001
2128,7.35817,7.23315,0.001
2145,8.07696,8.05611,0.001
2150,7.00717,7.02114,0.001
2153,6.8256,6.8879,0.001
2166,6.53651,6.57258,0.001
2179,7.69388,7.47259,0.001
2180,6.7546,6.81291,0.001
2182,7.55505,7.43536,0.001
2199,6.93099,7.03833,0.001
2250,6.03764,6.08592,0.001
2261,7.33961,7.41537,0.001
2270,7.94878,8.13947,0.001
2287,6.184,6.23392,0.001
2298,8.27402,8.3532,0.001
2300,6.97873,6.94835,0.001
2310,6.25504,6.34342,0.001
2313,7.51344,7.54051,0.001
2315,8.37393,8.44209,0.001
2320,7.86105,7.88335,0.001
2334,7.3576,7.47143,0.001
2336,6.51593,6.55802,0.001
2338,7.2117,7.22749,0.001
2339,7.77856,7.63714,0.001
2360,8.21072,8.15143,0.001
2365,7.23041,7.29931,0.001
2376,6.929,6.95269,0.001
2380,6.92982,6.89715,0.001
2388,7.48969,7.41682,0.001
2428,7.21406,7.19213,0.001
2429,6.87862,6.82573,0.001
2453,6.79364,6.68064,0.001
2462,6.60739,6.65863,0.001
2484,6.65124,6.66522,0.001
2492,7.01982,6.96876,0.001
2524,6.72475,6.68581,0.001
2537,6.97938,7.01079,0.001
2556,7.96865,8.09184,0.001
2560,7.54501,7.59485,0.001
2561,7.72003,7.78478,0.001
2570,8.64448,8.62705,0.001
2574,6.64124,6.70255,0.001
2590,8.57476,8.39295,0.001
2599,8.42245,8.36492,0.001
2600,7.69858,7.90316,0.001
2609,8.0412,8.16962,0.001
2632,7.65169,7.60803,0.001
2636,6.34842,6.45274,0.001
2716,7.63352,7.58432,0.001
2765,6.54113,6.56783,0.001
2801,7.35985,7.46429,0.001
2811,7.43842,7.51958,0.001
2830,7.16655,7.11702,0.001
2841,8.49533,8.53513,0.001
2846,7.24831,7.17642,0.001
2884,8.43751,8.60141,0.001
2903,6.23025,6.20311,0.001
2911,9.51438,9.54215,0.001
2917,8.79546,8.89992,0.001
2920,7.76456,7.72358,0.001
2930,8.86045,8.89912,0.001
2935,7.9945,8.05071,0.001
2936,6.83706,6.80221,0.001
2937,8.97832,9.15217,0.001
2941,7.61676,7.76111,0.001
2944,8.15482,8.26911,0.001
2955,9.03396,9.03584,0.001
2957,9.56723,9.51707,0.001
2968,5.47183,5.55556,0.001
3016,9.20552,9.11883,0.001
3044,8.41431,8.40329,0.001
3057,9.25807,9.34041,0.001
3058,8.69127,8.53466,0.001
3071,8.02056,8.14903,0.001
3097,8.40363,8.40515,0.001
3100,7.74944,7.809,0.001
3109,8.63704,8.64083,0.001
3113,8.99533,9.06024,0.001
3115,8.85427,8.83577,0.001
3117,9.28214,9.51116,0.001
3125,8.3521,8.43528,0.001
3128,8.20904,8.22784,0.001
3155,8.78337,8.91352,0.001
3171,9.50815,9.60793,0.001
3176,8.91452,8.95874,0.001
3182,9.35001,9.39983,0.001
3188,8.36626,8.23315,0.001
3196,8.52391,8.47763,0.001
3199,8.01192,7.9141,0.001
3204,7.20905,7.30455,0.001
3209,8.22315,8.37264,0.001
3241,7.13288,7.28595,0.001
3250,6.69113,6.75407,0.001
3286,7.83533,7.83586,0.001
3298,8.52579,8.51714,0.001
3304,7.71917,7.72954,0.001
3313,9.03863,8.99262,0.001
3323,9.60588,9.40075,0.001
3327,9.12518,8.99421,0.001
3376,8.66487,8.59389,0.001
3397,6.99175,7.14378,0.001
3416,8.85405,8.82568,0.001
3419,7.51024,7.74559,0.001
3431,8.41726,8.33465,0.001
3460,9.16456,9.14917,0.001
3466,8.16187,8.12003,0.001
3492,7.96831,8.04566,0.001
3507,8.34834,8.1911,0.001
3510,8.88522,8.97051,0.001
3516,7.31954,7.38879,0.001
3524,6.96143,6.99026,0.001
3552,8.76184,8.75464,0.001
3564,6.79303,6.88546,0.001
3588,7.25544,7.25027,0.001
3615,9.05027,9.0235,0.001
3622,8.7171,8.69358,0.001
3623,8.76428,8.89095,0.001
3649,7.54962,7.40487,0.001
3651,8.77816,8.72888,0.001
3667,7.65577,7.50495,0.001
3673,6.84054,6.86619,0.001
3682,7.31676,7.43049,0.001
3701,9.00536,9.06183,0.001
3714,8.00392,8.03773,0.001
3718,7.99079,7.83813,0.001
3742,6.45921,6.40405,0.001
3749,8.7256,8.69781,0.001
3755,8.56145,8.62936,0.001
3764,8.66152,8.63941,0.001
3775,8.024,8.27079,0.001
3790,7.66702,7.63279,0.001
3816,8.19283,8.22757,0.001
3825,8.47306,8.58203,0.001
3861,8.09598,8.1944,0.001
3869,7.62206,7.78644,0.001
3872,9.08704,9.14197,0.001
3879,6.8561,6.88126,0.001
3884,7.45794,7.46455,0.001
3889,7.57745,7.46395,0.001
3890,9.1618,9.15606,0.001
12,11.3906,11.4785,1e-06
25,11.6953,11.393,1e-06
37,11.8994,11.5866,1e-06
48,11.7789,11.7298,1e-06
74,10.9241,10.8364,1e-06
87,11.4426,11.4436,1e-06
128,11.7881,11.8991,1e-06
142,11.7831,11.682,1e-06
144,11.6787,11.8673,1e-06
157,11.2268,11.1513,1e-06
158,11.6828,11.8265,1e-06
170,10.8629,10.8121,1e-06
174,11.7122,11.7075,1e-06
185,11.7268,11.6223,1e-06
199,11.5525,11.4866,1e-06
202,11.0738,11.2434,1e-06
206,11.6225,11.7361,1e-06
210,11.8584,11.9462,1e-06
217,11.7077,11.6571,1e-06
226,11.5201,11.4412,1e-06
244,10.6741,10.7121,1e-06
271,11.5152,11.3983,1e-06
282,10.5405,10.4787,1e-06
320,11.2674,11.3864,1e-06
330,11.6123,11.6642,1e-06
331,11.2387,11.1457,1e-06
356,11.015,11.1546,1e-06
357,11.0862,11.0807,1e-06
362,11.6283,11.6491,1e-06
371,11.4726,11.4044,1e-06
372,11.8721,11.9477,1e-06
382,12.0764,11.9522,1e-06
392,11.9234,11.9213,1e-06
393,11.8499,11.8104,1e-06
396,12.2683,12.2357,1e-06
409,11.258,11.1467,1e-06
411,10.9587,10.9434,1e-06
416,10.4335,10.4683,1e-06
417,11.8757,11.7534,1e-06
420,11.8752,12.0012,1e-06
422,10.9807,11.0694,1e-06
453,11.6584,11.6367,1e-06
458,11.2445,11.2189,1e-06
460,11.9513,11.7384,1e-06
543,10.4484,10.5039,1e-06
562,11.2699,11.234,1e-06
589,11.7907,11.7529,1e-06
639,10.3896,10.3792,1e-06
674,10.8847,11.0107,1e-06
679,11.435,11.351,1e-06
681,12.0769,12.0376,1e-06
706,11.6274,11.4657,1e-06
720,10.5257,10.5783,1e-06
728,10.7534,10.573,1e-06
729,9.78589,9.82785,1e-06
738,11.3394,11.2772,1e-06
739,10.465,10.4772,1e-06
746,11.92,11.8853,1e-06
784,11.2788,11.3162,1e-06
797,11.8574,11.9294,1e-06
798,10.2705,10.574,1e-06
799,11.2378,11.4951,1e-06
817,11.5036,11.6212,1e-06
851,10.4043,10.3612,1e-06
907,9.35184,9.49291,1e-06
936,9.28028,9.24928,1e-06
942,10.546,10.5052,1e-06
952,8.593,8.56878,1e-06
956,10.9613,10.817,1e-06
960,10.5567,10.6668,1e-06
961,11.3305,11.4968,1e-06
980,11.1301,11.1461,1e-06
981,8.02697,7.97295,1e-06
991,10.7767,10.7009,1e-06
995,11.6591,11.7403,1e-06
1003,10.5091,10.328,1e-06
1039,10.6239,10.3703,1e-06
1076,11.419,11.5843,1e-06
1087,11.3002,11.2598,1e-06
1103,8.96942,8.95516,1e-06
1107,9.9371,9.92126,1e-06
1115,9.85856,9.83241,1e-06
1119,9.76203,9.8663,1e-06
1122,8.40668,8.51573,1e-06
1150,10.9928,11.0689,1e-06
1161,10.417,10.4326,1e-06
1193,10.9595,11.0097,1e-06
1205,10.7829,10.8295,1e-06
1208,12.2915,12.013,1e-06
1212,11.2708,11.1706,1e-06
1252,10.3831,10.564,1e-06
1260,11.5734,11.6063,1e-06
1350,10.6356,10.9079,1e-06
1361,9.50508,9.59724,1e-06
1383,11.9075,11.6926,1e-06
1388,10.745,10.6859,1e-06
1417,10.3143,10.4291,1e-06
1425,10.7528,10.6637,1e-06
1429,11.2488,11.2174,1e-06
1466,10.338,10.4669,1e-06
1476,11.5338,11.5077,1e-06
1484,11.235,11.1936,1e-06
1492,10.09,10.1373,1e-06
1493,10.8976,10.8473,1e-06
1514,8.47176,8.4824,1e-06
1535,8.54584,8.65574,1e-06
1567,9.49138,9.49529,1e-06
1569,8.59088,8.68638,1e-06
1612,9.08187,9.0474,1e-06
1622,10.821,10.7821,1e-06
1628,9.10743,9.1014,1e-06
1638,9.22779,9.2327,1e-06
1645,9.52775,9.57477,1e-06
1646,8.51631,8.64305,1e-06
1666,9.12931,8.96321,1e-06
1668,8.93481,8.93846,1e-06
1673,7.81005,7.86822,1e-06
1675,8.34116,8.33865,1e-06
1683,8.06749,7.96463,1e-06
1687,8.76682,8.81138,1e-06
1691,7.77577,7.86589,1e-06
1719,9.91144,9.82007,1e-06
1721,8.32886,8.34505,1e-06
1734,9.58758,9.55281,1e-06
1745,9.63451,9.70145,1e-06
1747,8.71411,8.78856,1e-06
1774,9.46127,9.43793,1e-06
1790,9.42474,9.37466,1e-06
1812,8.75062,8.64272,1e-06
1813,9.44459,9.45629,1e-06
1814,9.78424,9.72083,1e-06
1816,8.71079,8.72532,1e-06
1826,9.23444,9.19713,1e-06
1831,8.63384,8.59259,1e-06
1837,8.93244,8.79688,1e-06
1838,8.37011,8.32102,1e-06
1854,10.347,10.3691,1e-06
1855,10.1873,10.1748,1e-06
1862,9.86699,9.8655,1e-06
1886,9.66097,9.77,1e-06
1898,9.77697,9.81514,1e-06
1901,9.56788,9.50458,1e-06
1910,7.81009,7.82687,1e-06
1914,8.48527,8.55032,1e-06
1929,8.31164,8.3008,1e-06
1931,10.3355,10.1665,1e-06
1932,9.84499,9.94004,1e-06
1970,9.03323,9.0843,1e-06
1975,9.52369,9.50606,1e-06
1986,8.32499,8.35305,1e-06
2012,8.47563,8.38217,1e-06
2019,9.02573,9.07851,1e-06
2037,8.83016,8.84281,1e-06
2049,9.06239,9.08234,1e-06
2060,10.5305,10.4163,1e-06
2062,8.15127,8.20351,1e-06
2081,9.98755,10.1333,1e-06
2086,9.11165,9.14214,1e-06
2087,8.60862,8.66882,1e-06
2108,9.07701,9.08124,1e-06
2112,10.4236,10.4092,1e-06
2128,9.19378,9.06949,1e-06
2145,10.3262,10.3242,1e-06
2150,9.0125,9.01715,1e-06
2153,8.63032,8.69548,1e-06
2166,8.92876,8.94865,1e-06
2179,10.0242,9.8041,1e-06
2180,8.44958,8.50325,1e-06
2182,9.93811,9.80952,1e-06
2199,9.02666,9.12914,1e-06
2250,7.99795,8.04475,1e-06
2261,9.54956,9.5943,1e-06
2270,10.6768,10.869,1e-06
2287,7.77349,7.83153,1e-06
2298,10.4585,10.541,1e-06
2300,9.02201,8.99441,1e-06
2310,8.4831,8.54754,1e-06
2313,9.60563,9.62676,1e-06
2315,10.9304,11.0035,1e-06
2320,10.6092,10.6442,1e-06
2334,9.1477,9.24006,1e-06
2336,8.24625,8.26598,1e-06
2338,9.07202,9.09369,1e-06
2339,9.88635,9.76096,1e-06
2360,10.5514,10.4709,1e-06
2365,9.78928,9.83804,1e-06
2376,9.01361,9.04383,1e-06
2380,8.83275,8.81404,1e-06
2388,9.4126,9.33195,1e-06
2428,9.11251,9.08391,1e-06
2429,8.81397,8.77393,1e-06
2453,8.88855,8.78375,1e-06
2462,8.57382,8.61656,1e-06
2484,8.34746,8.37742,1e-06
2492,9.11514,9.07332,1e-06
2524,8.65027,8.61485,1e-06
2537,8.84189,8.86124,1e-06
2556,10.0072,10.1227,1e-06
2560,9.32702,9.37989,1e-06
2561,9.67097,9.72951,1e-06
2570,10.9589,10.9344,1e-06
2574,8.57218,8.62525,1e-06
2590,11.0033,10.8513,1e-06
2599,10.9288,10.8698,1e-06
2600,9.71749,9.88797,1e-06
2609,10.0047,10.1145,1e-06
2632,9.74315,9.70882,1e-06
2636,8.01516,8.11557,1e-06
2716,9.71708,9.69268,1e-06
2765,8.60896,8.64356,1e-06
2801,9.35269,9.44613,1e-06
2811,9.50189,9.59428,1e-06
2830,9.68087,9.61282,1e-06
2841,10.2359,10.268,1e-06
2846,9.25857,9.20081,1e-06
2884,10.7879,10.9234,1e-06
2903,8.26653,8.2261,1e-06
2911,11.7434,11.7421,1e-06
2917,10.5867,10.695,1e-06
2920,10.0693,10.0272,1e-06
2930,11.3003,11.3603,1e-06
2935,10.5183,10.5622,1e-06
2936,8.95313,8.9203,1e-06
2937,11.1996,11.3059,1e-06
2941,10.3459,10.4804,1e-06
2944,10.2118,10.3412,1e-06
2955,10.9861,10.9908,1e-06
2957,11.7846,11.7603,1e-06
2968,7.26259,7.35852,1e-06
3016,11.7127,11.6287,1e-06
3044,10.4561,10.4713,1e-06
3057,11.6881,11.7884,1e-06
3058,11.0218,10.896,1e-06
3071,10.2099,10.3204,1e-06
3097,10.7866,10.7621,1e-06
3100,10.2508,10.3065,1e-06
3109,11.1412,11.1269,1e-06
3113,11.4317,11.4811,1e-06
3115,11.5462,11.5077,1e-06
3117,11.5435,11.7684,1e-06
3125,10.9817,11.1157,1e-06
3128,10.8446,10.8714,1e-06
3155,11.0097,11.1159,1e-06
3171,12.0653,12.1849,1e-06
3176,11.326,11.3606,1e-06
3182,11.6527,11.6791,1e-06
3188,10.3254,10.2076,1e-06
3196,10.9696,10.9321,1e-06
3199,10.0129,9.90292,1e-06
3204,9.64455,9.75567,1e-06
3209,10.5957,10.7547,1e-06
3241,9.2421,9.38498,1e-06
3250,8.7935,8.84042,1e-06
3286,9.9774,9.99847,1e-06
3298,11.3795,11.3495,1e-06
3304,10.0009,10.0053,1e-06
3313,11.4788,11.4362,1e-06
3323,12.1786,12.0213,1e-06
3327,11.6015,11.5236,1e-06
3376,10.8496,10.7645,1e-06
3397,8.9884,9.13578,1e-06
3416,11.1503,11.1437,1e-06
3419,9.818,10.056,1e-06
3431,11.0135,10.9082,1e-06
3460,11.6651,11.6173,1e-06
3466,10.3952,10.3636,1e-06
3492,10.1391,10.2178,1e-06
3507,10.4822,10.3351,1e-06
3510,11.4029,11.4898,1e-06
3516,9.75764,9.80614,1e-06
3524,8.97931,9.00025,1e-06
3552,11.008,10.97,1e-06
3564,8.80326,8.88466,1e-06
3588,9.33004,9.3221,1e-06
3615,11.5762,11.5318,1e-06
3622,10.9612,10.9161,1e-06
3623,11.078,11.1525,1e-06
3649,9.64059,9.49284,1e-06
3651,10.9807,10.8983,1e-06
3667,9.47081,9.34291,1e-06
3673,9.09909,9.1018,1e-06
3682,9.37208,9.48594,1e-06
3701,11.813,11.8837,1e-06
3714,10.2208,10.2682,1e-06
3718,10.2537,10.0956,1e-06
3742,8.35402,8.30434,1e-06
3749,10.7554,10.7225,1e-06
3755,10.9726,11.0312,1e-06
3764,11.4048,11.3696,1e-06
3775,10.324,10.6033,1e-06
3790,9.89628,9.8628,1e-06
3816,10.1223,10.143,1e-06
3825,10.5954,10.6911,1e-06
3861,10.7489,10.8441,1e-06
3869,9.89993,10.0396,1e-06
3872,11.6812,11.7448,1e-06
3879,8.7392,8.76214,1e-06
3884,9.80627,9.83341,1e-06
3889,10.0246,9.90376,1e-06
3890,11.6709,11.6381,1e-06
12,13.4299,13.5419,1e-09
25,13.5715,13.3131,1e-09
37,13.7511,13.4873,1e-09
48,13.7785,13.7506,1e-09
74,13.1001,13.0251,1e-09
87,13.1785,13.1812,1e-09
128,13.8592,13.9846,1e-09
142,13.5573,13.4529,1e-09
144,13.6616,13.869,1e-09
157,13.0514,13.0106,1e-09
158,13.7077,13.831,1e-09
170,13.3203,13.2708,1e-09
174,13.6643,13.6412,1e-09
185,13.6444,13.5043,1e-09
199,13.66,13.5634,1e-09
202,12.8275,12.9643,1e-09
206,13.7046,13.807,1e-09
210,13.8815,13.9723,1e-09
217,13.5883,13.5486,1e-09
226,13.7116,13.6285,1e-09
244,12.7198,12.7432,1e-09
271,13.5995,13.4834,1e-09
282,12.6052,12.555,1e-09
320,13.4035,13.5109,1e-09
330,13.6018,13.6264,1e-09
331,13.4091,13.3423,1e-09
356,13.0149,13.1408,1e-09
357,13.0946,13.0914,1e-09
362,13.2871,13.3081,1e-09
371,13.3052,13.2566,1e-09
372,13.7345,13.7667,1e-09
382,13.9813,13.8827,1e-09
392,13.8697,13.8818,1e-09
393,13.8302,13.815,1e-09
396,14.2142,14.1854,1e-09
409,13.4155,13.2878,1e-09
411,12.735,12.7325,1e-09
416,12.4833,12.5099,1e-09
417,13.791,13.6689,1e-09
420,14.0584,14.1854,1e-09
422,12.7741,12.8482,1e-09
453,13.7196,13.7317,1e-09
458,13.7078,13.7054,1e-09
460,13.882,13.6763,1e-09
543,12.7255,12.7636,1e-09
562,13.4344,13.4046,1e-09
589,13.6032,13.5728,1e-09
639,12.7153,12.6976,1e-09
674,12.6882,12.8236,1e-09
679,13.5298,13.4186,1e-09
681,13.9554,13.9193,1e-09
706,13.8044,13.6521,1e-09
720,12.5998,12.6614,1e-09
728,12.7206,12.5505,1e-09
729,12.0106,12.0508,1e-09
738,13.2603,13.2146,1e-09
739,12.4838,12.5002,1e-09
746,13.7662,13.7371,1e-09
784,13.2038,13.261,1e-09
797,13.5013,13.5738,1e-09
798,12.6046,12.8926,1e-09
799,13.106,13.3063,1e-09
817,13.3803,13.4553,1e-09
851,12.6031,12.5532,1e-09
907,11.3969,11.5197,1e-09
936,11.3374,11.2779,1e-09
942,12.7026,12.6823,1e-09
952,10.4949,10.4722,1e-09
956,12.8538,12.7314,1e-09
960,12.6134,12.7539,1e-09
961,13.13,13.2677,1e-09
980,13.3437,13.3569,1e-09
981,9.81574,9.75875,1e-09
991,12.7547,12.6733,1e-09
995,13.527,13.6167,1e-09
1003,12.412,12.2418,1e-09
1039,12.8854,12.6626,1e-09
1076,13.8462,13.9907,1e-09
1087,12.9681,12.9046,1e-09
1103,10.8273,10.8226,1e-09
1107,11.9524,11.9351,1e-09
1115,11.7093,11.6732,1e-09
1119,11.5494,11.6423,1e-09
1122,10.4039,10.5131,1e-09
1150,12.6401,12.6904,1e-09
1161,12.4829,12.5011,1e-09
1193,12.9214,12.9315,1e-09
1205,12.7781,12.7978,1e-09
1208,14.3414,14.1222,1e-09
1212,13.144,13.0594,1e-09
1252,12.0806,12.242,1e-09
1260,13.6668,13.6954,1e-09
1350,12.6682,12.9095,1e-09
1361,11.5871,11.6695,1e-09
1383,14.0756,13.8872,1e-09
1388,12.5851,12.5164,1e-09
1417,12.2149,12.3448,1e-09
1425,12.7381,12.6573,1e-09
1429,12.8828,12.8607,1e-09
1466,12.3358,12.4287,1e-09
1476,13.4902,13.4747,1e-09
1484,13.2009,13.2055,1e-09
1492,12.1081,12.1693,1e-09
1493,12.9573,12.9066,1e-09
1514,10.1855,10.191,1e-09
1535,10.2874,10.3951,1e-09
1567,11.3999,11.4002,1e-09
1569,10.2555,10.3462,1e-09
1612,11.0708,11.056,1e-09
1622,12.6414,12.6115,1e-09
1628,11.0056,10.9935,1e-09
1638,11.1771,11.1578,1e-09
1645,11.2894,11.3457,1e-09
1646,10.1182,10.2439,1e-09
1666,10.7685,10.61,1e-09
1668,10.5915,10.6013,1e-09
1673,9.55252,9.60869,1e-09
1675,10.4731,10.4807,1e-09
1683,9.76906,9.67026,1e-09
1687,10.7093,10.7352,1e-09
1691,9.83709,9.93829,1e-09
1719,11.8596,11.7608,1e-09
1721,9.95029,9.9565,1e-09
1734,11.3916,11.3524,1e-09
1745,11.9265,11.9904,1e-09
1747,10.3893,10.4543,1e-09
1774,11.3085,11.2884,1e-09
1790,11.0667,11.0263,1e-09
1812,10.5052,10.398,1e-09
1813,11.2564,11.2613,1e-09
1814,11.5359,11.4858,1e-09
1816,10.342,10.3552,1e-09
1826,11.2262,11.1999,1e-09
1831,10.0943,10.0483,1e-09
1837,10.4223,10.2809,1e-09
1838,10.0402,9.99467,1e-09
1854,12.2256,12.2424,1e-09
1855,12.2184,12.2214,1e-09
1862,11.5469,11.5525,1e-09
1886,11.4084,11.5038,1e-09
1898,11.5293,11.5443,1e-09
1901,11.5865,11.532,1e-09
1910,9.57015,9.59787,1e-09
1914,9.86055,9.92861,1e-09
1929,10.0995,10.0956,1e-09
1931,12.3256,12.1531,1e-09
1932,11.536,11.6213,1e-09
1970,10.6886,10.754,1e-09
1975,11.6764,11.6853,1e-09
1986,10.0258,10.0455,1e-09
2012,10.4432,10.3418,1e-09
2019,10.6072,10.6442,1e-09
2037,10.7735,10.791,1e-09
2049,11.0502,11.0785,1e-09
2060,12.2406,12.1329,1e-09
2062,9.87957,9.92595,1e-09
2081,12.2937,12.4408,1e-09
2086,10.9262,10.9541,1e-09
2087,10.6778,10.7299,1e-09
2108,10.9263,10.9223,1e-09
2112,12.1979,12.1917,1e-09
2128,10.8759,10.7639,1e-09
2145,12.3556,12.3669,1e-09
2150,11.124,11.1292,1e-09
2153,10.4018,10.4718,1e-09
2166,11.2042,11.2152,1e-09
2179,11.8398,11.6293,1e-09
2180,10.1244,10.1731,1e-09
2182,12.072,11.9368,1e-09
2199,10.752,10.8372,1e-09
2250,9.7267,9.77269,1e-09
2261,11.4611,11.4767,1e-09
2270,12.4462,12.6096,1e-09
2287,9.25915,9.31483,1e-09
2298,12.1231,12.202,1e-09
2300,11.1428,11.1111,1e-09
2310,10.2963,10.3635,1e-09
2313,11.355,11.3806,1e-09
2315,13.0704,13.1418,1e-09
2320,12.7496,12.797,1e-09
2334,11.1918,11.2603,1e-09
2336,9.84533,9.86261,1e-09
2338,10.8773,10.909,1e-09
2339,11.5836,11.4659,1e-09
2360,12.5547,12.473,1e-09
2365,11.7512,11.7846,1e-09
2376,10.9862,11.0201,1e-09
2380,10.5973,10.594,1e-09
2388,11.202,11.1135,1e-09
2428,10.9594,10.9131,1e-09
2429,10.5505,10.5181,1e-09
2453,10.68,10.5766,1e-09
2462,10.1663,10.1917,1e-09
2484,10.1689,10.2094,1e-09
2492,10.9911,10.9603,1e-09
2524,10.2244,10.1885,1e-09
2537,10.9268,10.9282,1e-09
2556,12.2508,12.356,1e-09
2560,11.3093,11.3541,1e-09
2561,11.4605,11.4982,1e-09
2570,13.2723,13.2841,1e-09
2574,10.6937,10.7411,1e-09
2590,13.0098,12.8887,1e-09
2599,12.6512,12.6076,1e-09
2600,11.9036,12.0217,1e-09
2609,11.7166,11.811,1e-09
2632,11.801,11.7639,1e-09
2636,9.65369,9.7532,1e-09
2716,11.8949,11.8844,1e-09
2765,10.5655,10.6012,1e-09
2801,11.5799,11.6548,1e-09
2811,11.2521,11.3405,1e-09
2830,11.5618,11.482,1e-09
2841,12.2268,12.2376,1e-09
2846,11.5135,11.4753,1e-09
2884,12.7964,12.8969,1e-09
2903,10.0403,9.99686,1e-09
2911,13.6103,13.5957,1e-09
2917,12.5713,12.6454,1e-09
2920,11.9993,11.9576,1e-09
2930,13.1051,13.1764,1e-09
2935,12.5889,12.5974,1e-09
2936,10.8508,10.828,1e-09
2937,13.003,13.075,1e-09
2941,12.4307,12.5674,1e-09
2944,12.1053,12.2107,1e-09
2955,12.9255,12.9478,1e-09
2957,13.7112,13.6921,1e-09
2968,8.52468,8.62087,1e-09
3016,13.6675,13.6024,1e-09
3044,12.2901,12.3383,1e-09
3057,13.5571,13.6393,1e-09
3058,13.0131,12.9237,1e-09
3071,12.2324,12.3398,1e-09
3097,12.7078,12.6619,1e-09
3100,12.3327,12.3925,1e-09
3109,13.055,13.0505,1e-09
3113,13.3436,13.376,1e-09
3115,13.5728,13.5333,1e-09
3117,13.5784,13.7651,1e-09
3125,13.104,13.2537,1e-09
3128,12.8545,12.8889,1e-09
3155,13.0714,13.169,1e-09
3171,13.8142,13.8963,1e-09
3176,13.2306,13.2604,1e-09
3182,13.4987,13.5062,1e-09
3188,12.2273,12.1388,1e-09
3196,12.8258,12.8107,1e-09
3199,12.0277,11.9318,1e-09
3204,12.0398,12.1677,1e-09
3209,12.7335,12.8973,1e-09
3241,11.2317,11.3609,1e-09
3250,10.5778,10.6038,1e-09
3286,12.1118,12.1394,1e-09
3298,13.5702,13.515,1e-09
3304,12.1838,12.1863,1e-09
3313,13.3878,13.3506,1e-09
3323,13.9718,13.8503,1e-09
3327,13.4077,13.3826,1e-09
3376,13.0202,12.9308,1e-09
3397,10.9203,11.063,1e-09
3416,12.9192,12.9407,1e-09
3419,12.0679,12.3046,1e-09
3431,13.1531,13.0153,1e-09
3460,13.7627,13.7319,1e-09
3466,12.3698,12.3356,1e-09
3492,12.302,12.3882,1e-09
3507,12.465,12.3113,1e-09
3510,13.1475,13.2115,1e-09
3516,12.094,12.1024,1e-09
3524,11.1669,11.1796,1e-09
3552,12.9853,12.9551,1e-09
3564,10.6057,10.6648,1e-09
3588,11.1185,11.1031,1e-09
3615,13.7885,13.7475,1e-09
3622,13.2048,13.1633,1e-09
3623,13.2205,13.2495,1e-09
3649,11.4832,11.3446,1e-09
3651,12.823,12.7328,1e-09
3667,11.3391,11.2441,1e-09
3673,10.9158,10.8997,1e-09
3682,11.2317,11.3426,1e-09
3701,13.8834,13.9289,1e-09
3714,12.1794,12.2432,1e-09
3718,12.3191,12.193,1e-09
3742,10.1476,10.1077,1e-09
3749,12.5587,12.517,1e-09
3755,12.9305,12.9677,1e-09
3764,13.6193,13.5882,1e-09
3775,12.4578,12.7362,1e-09
3790,11.925,11.8904,1e-09
3816,12.3041,12.321,1e-09
3825,12.7221,12.8013,1e-09
3861,13.0469,13.1,1e-09
3869,11.78,11.8932,1e-09
3872,13.7224,13.7742,1e-09
3879,10.6445,10.6628,1e-09
3884,11.6842,11.7323,1e-09
3889,12.1866,12.0706,1e-09
3890,13.4154,13.3714,1e-09
12,15.1884,23.8758,1e-12
25,13.1464,12.2494,1e-12
37,15.0311,21.2981,1e-12
48,12.33,14.5016,1e-12
74,14.2332,17.1991,1e-12
87,13.0589,17.7962,1e-12
128,8.14714,16.4912,1e-12
142,14.8444,15.7049,1e-12
144,15.113,22.1417,1e-12
157,14.5402,13.8957,1e-12
158,14.8065,13.0666,1e-12
170,14.2467,12.1483,1e-12
174,15.333,9.85427,1e-12
185,15.4792,7.0575,1e-12
199,14.9703,21.7163,1e-12
202,14.2741,17.8218,1e-12
206,15.4647,16.4737,1e-12
210,15.4806,17.3449,1e-12
217,14.834,20.4391,1e-12
226,14.3248,14.555,1e-12
244,14.7169,9.01943,1e-12
271,15.0477,18.3145,1e-12
282,14.0262,18.146,1e-12
320,14.6636,19.1255,1e-12
330,8.96921,15.0958,1e-12
331,14.8892,18.1345,1e-12
356,11.8485,18.2286,1e-12
357,14.6863,19.212,1e-12
362,13.8936,26.4087,1e-12
371,14.5461,22.4889,1e-12
372,15.5051,15.8876,1e-12
382,15.7471,16.5108,1e-12
392,12.498,11.2834,1e-12
393,15.3187,24.5814,1e-12
396,15.835,18.1773,1e-12
409,15.34,18.3599,1e-12
411,14.4273,16.8882,1e-12
416,14.164,11.2558,1e-12
417,15.3648,9.69033,1e-12
420,15.7981,17.6798,1e-12
422,9.51727,21.5118,1e-12
453,8.59464,16.4017,1e-12
458,15.0764,16.6957,1e-12
460,15.1674,16.766,1e-12
543,14.5132,14.0144,1e-12
562,12.8672,16.577,1e-12
589,14.8823,20.8619,1e-12
639,14.4603,14.6385,1e-12
674,14.2751,17.8741,1e-12
679,14.9102,16.0946,1e-12
681,15.6252,12.387,1e-12
706,15.3453,15.2402,1e-12
720,14.5969,14.9044,1e-12
728,13.9432,18.5512,1e-12
729,13.3442,11.979,1e-12
738,14.4302,7.54731,1e-12
739,14.0722,17.0847,1e-12
746,14.5132,25.4813,1e-12
784,14.9096,15.0948,1e-12
797,14.2259,15.5985,1e-12
798,14.116,14.2891,1e-12
799,11.2168,16.524,1e-12
817,9.35293,10.2312,1e-12
851,14.1195,9.48615,1e-12
907,13.1524,14.1691,1e-12
936,12.6926,25.0998,1e-12
942,14.261,80.2294,1e-12
952,12.3023,13.0021,1e-12
956,13.9692,14.1931,1e-12
960,14.5144,14.9682,1e-12
961,14.6034,8.68454,1e-12
980,14.7827,19.2033,1e-12
981,11.6581,14.575,1e-12
991,14.7803,9.35733,1e-12
995,15.0364,28.1564,1e-12
1003,14.0313,16.5528,1e-12
1039,14.7342,8.81516,1e-12
1076,14.6667,12.7752,1e-12
1087,14.2505,15.6891,1e-12
1103,12.1366,9.81558,1e-12
1107,13.1005,26.6286,1e-12
1115,13.2154,13.2665,1e-12
1119,13.0448,288.065,1e-12
1122,12.0269,9.37771,1e-12
1150,13.5171,21.4512,1e-12
1161,14.0245,15.0367,1e-12
1193,14.5319,22.0214,1e-12
1205,14.6121,12.8424,1e-12
1208,15.7569,17.1471,1e-12
1212,14.473,15.768,1e-12
1252,13.7735,14.2515,1e-12
1260,14.3049,23.1869,1e-12
1350,14.168,11.5347,1e-12
1361,13.0258,11.4839,1e-12
1383,13.2612,16.327,1e-12
1388,14.1983,11.6749,1e-12
1417,14.3189,13.5788,1e-12
1425,14.0061,16.3152,1e-12
1429,14.3618,12.4283,1e-12
1466,13.8749,14.8069,1e-12
1476,14.8097,16.1719,1e-12
1484,14.6838,12.0123,1e-12
1492,13.6106,17.9851,1e-12
1493,13.4488,14.0134,1e-12
1514,11.7855,13.183,1e-12
1535,11.7227,14.4134,1e-12
1567,12.3008,16.79,1e-12
1569,11.6443,13.6123,1e-12
1612,12.8266,16.5417,1e-12
1622,14.0292,17.6114,1e-12
1628,12.6452,10.3843,1e-12
1638,12.5214,14.7859,1e-12
1645,12.9159,13.5146,1e-12
1646,11.269,11.2834,1e-12
1666,9.71941,12.6619,1e-12
1668,11.7506,14.5787,1e-12
1673,11.1496,10.971,1e-12
1675,11.9997,13.9568,1e-12
1683,11.1442,13.8746,1e-12
1687,11.0119,5.66597,1e-12
1691,11.1701,8.80576,1e-12
1719,13.6193,13.6689,1e-12
1721,11.6483,7.75282,1e-12
1734,13.2187,20.0337,1e-12
1745,11.6428,16.5936,1e-12
1747,12.0952,11.8229,1e-12
1774,12.8652,16.0499,1e-12
1790,12.7796,16.3551,1e-12
1812,12.3388,13.8117,1e-12
1813,13.2371,13.046,1e-12
1814,12.429,13.8549,1e-12
1816,12.243,12.62,1e-12
1826,12.7951,15.0389,1e-12
1831,11.5205,11.9753,1e-12
1837,10.0144,20.3983,1e-12
1838,11.8092,11.1648,1e-12
1854,14.1551,15.5536,1e-12
1855,11.3346,15.643,1e-12
1862,12.0705,12.9018,1e-12
1886,7.7876,52.9618,1e-12
1898,13.0436,8.62306,1e-12
1901,13.4432,50.9928,1e-12
1910,11.1962,22.3033,1e-12
1914,11.3067,10.0182,1e-12
1929,11.8617,15.8312,1e-12
1931,13.9253,13.8689,1e-12
1932,13.1362,11.5633,1e-12
1970,12.2331,13.0704,1e-12
1975,13.4611,7.06283,1e-12
1986,11.3381,13.8311,1e-12
2012,12.0677,12.0893,1e-12
2019,11.5632,7.89549,1e-12
2037,11.8022,24.3946,1e-12
2049,12.9952,11.6916,1e-12
2060,13.7851,58.083,1e-12
2062,8.76558,13.3815,1e-12
2081,14.0173,9.39899,1e-12
2086,13.2399,26.3119,1e-12
2087,11.6562,12.4932,1e-12
2108,12.3494,7.73771,1e-12
2112,13.8241,20.9669,1e-12
2128,12.4089,14.8164,1e-12
2145,13.5732,16.9106,1e-12
2150,13.0565,6.078,1e-12
2153,11.0436,13.9327,1e-12
2166,12.5085,16.8089,1e-12
2179,13.5887,24.8802,1e-12
2180,11.4877,11.5772,1e-12
2182,14.0591,14.0256,1e-12
2199,12.5213,19.9338,1e-12
2250,11.3075,17.2686,1e-12
2261,12.9855,14.5158,1e-12
2270,13.9954,12.6491,1e-12
2287,10.8132,32.0023,1e-12
2298,13.6973,11.8749,1e-12
2300,12.229,9.29003,1e-12
2310,11.6776,13.3334,1e-12
2313,11.3515,13.5522,1e-12
2315,14.8775,11.6304,1e-12
2320,14.5454,14.6195,1e-12
2334,11.5697,26.8899,1e-12
2336,11.6437,14.7248,1e-12
2338,12.9881,32.5882,1e-12
2339,12.8855,11.0075,1e-12
2360,13.4732,26.6294,1e-12
2365,12.1581,17.1325,1e-12
2376,12.5632,12.1934,1e-12
2380,10.7786,16.5551,1e-12
2388,12.9072,14.3424,1e-12
2428,12.4627,9.25968,1e-12
2429,11.6094,9.00462,1e-12
2453,12.1321,13.2071,1e-12
2462,11.6839,10.6745,1e-12
2484,11.5196,21.8511,1e-12
2492,11.8764,8.66324,1e-12
2524,11.786,13.4721,1e-12
2537,12.1741,14.4736,1e-12
2556,14.0161,18.0464,1e-12
2560,12.9958,11.3464,1e-12
2561,12.3713,13.8989,1e-12
2570,14.9132,14.1643,1e-12
2574,11.6039,12.0326,1e-12
2590,14.0967,14.6714,1e-12
2599,14.2284,15.0874,1e-12
2600,11.3164,15.2384,1e-12
2609,13.1338,17.0068,1e-12
2632,11.0909,17.2732,1e-12
2636,9.99597,12.5299,1e-12
2716,13.4076,17.9436,1e-12
2765,11.9264,13.8737,1e-12
2801,13.3506,9.93091,1e-12
2811,10.4598,13.4205,1e-12
2830,13.0286,19.0695,1e-12
2841,13.5409,14.1407,1e-12
2846,13.3242,76.9559,1e-12
2884,13.7848,15.6547,1e-12
2903,11.769,14.9904,1e-12
2911,15.4323,20.4478,1e-12
2917,13.433,11.4622,1e-12
2920,14.0924,49.8647,1e-12
2930,14.8065,17.4884,1e-12
2935,14.468,20.4937,1e-12
2936,12.3793,10.4567,1e-12
2937,14.771,18.4209,1e-12
2941,13.951,15.241,1e-12
2944,13.3879,6.10668,1e-12
2955,13.7072,12.1242,1e-12
2957,15.0798,9.78045,1e-12
2968,9.98735,10.2915,1e-12
3016,15.2974,12.8426,1e-12
3044,14.0179,29.0537,1e-12
3057,15.5423,16.1177,1e-12
3058,14.74,14.2389,1e-12
3071,13.7778,14.2589,1e-12
3097,14.5743,18.9052,1e-12
3100,13.9808,12.3167,1e-12
3109,14.6486,14.0568,1e-12
3113,15.1829,16.9037,1e-12
3115,12.1082,13.35,1e-12
3117,14.6685,17.1742,1e-12
3125,14.9291,16.1319,1e-12
3128,14.7423,14.1779,1e-12
3155,7.45381,17.6298,1e-12
3171,15.4674,14.9035,1e-12
3176,14.6046,15.4977,1e-12
3182,14.2182,15.8797,1e-12
3188,13.7438,21.6081,1e-12
3196,12.9957,14.9017,1e-12
3199,13.8924,17.3788,1e-12
3204,13.9626,10.7256,1e-12
3209,14.4337,7.76359,1e-12
3241,12.351,11.8317,1e-12
3250,12.2577,14.1339,1e-12
3286,14.0841,17.5863,1e-12
3298,15.0104,27.9639,1e-12
3304,12.1824,14.7445,1e-12
3313,10.0878,17.8713,1e-12
3323,15.5898,22.8391,1e-12
3327,12.8429,14.6371,1e-12
3376,14.7882,11.6312,1e-12
3397,12.9878,14.5393,1e-12
3416,14.3586,8.23254,1e-12
3419,13.6657,11.748,1e-12
3431,14.8471,15.8378,1e-12
3460,15.7419,17.7431,1e-12
3466,13.1793,23.3407,1e-12
3492,13.9062,21.7587,1e-12
3507,14.2639,17.3367,1e-12
3510,14.3425,61.0322,1e-12
3516,14.1544,15.5032,1e-12
3524,12.8154,16.7824,1e-12
3552,14.549,19.5945,1e-12
3564,12.5707,13.2378,1e-12
3588,9.06904,13.9786,1e-12
3615,15.4028,40.8852,1e-12
3622,14.721,19.0398,1e-12
3623,15.1725,7.31393,1e-12
3649,12.7453,13.1936,1e-12
3651,14.2092,16.1253,1e-12
3667,12.767,13.7094,1e-12
3673,12.6626,11.3184,1e-12
3682,11.0706,13.5334,1e-12
3701,15.3814,19.9622,1e-12
3714,13.2669,14.3205,1e-12
3718,14.1996,16.494,1e-12
3742,12.144,13.423,1e-12
3749,13.5501,16.8333,1e-12
3755,14.0396,19.3679,1e-12
3764,15.0694,33.5939,1e-12
3775,14.11,16.2567,1e-12
3790,13.311,15.5973,1e-12
3816,14.1889,16.8038,1e-12
3825,13.2143,25.4393,1e-12
3861,14.9551,9.87309,1e-12
3869,13.4057,17.2478,1e-12
3872,15.0844,18.2971,1e-12
3879,12.2118,14.5377,1e-12
3884,13.118,20.6347,1e-12
3889,12.2393,28.3463,1e-12
3890,10.6901,32.9115,1e-12
